-- MySQL dump 10.13  Distrib 8.0.33, for Win64 (x86_64)

--
-- Host: localhost    Database: xuanjian
-- ------------------------------------------------------
-- Server version	8.0.33

/*!40101 SET @OLD_CHARACTER_SET_CLIENT=@@CHARACTER_SET_CLIENT */;
/*!40101 SET @OLD_CHARACTER_SET_RESULTS=@@CHARACTER_SET_RESULTS */;
/*!40101 SET @OLD_COLLATION_CONNECTION=@@COLLATION_CONNECTION */;
/*!50503 SET NAMES utf8mb4 */;
/*!40103 SET @OLD_TIME_ZONE=@@TIME_ZONE */;
/*!40103 SET TIME_ZONE='+00:00' */;
/*!40014 SET @OLD_UNIQUE_CHECKS=@@UNIQUE_CHECKS, UNIQUE_CHECKS=0 */;
/*!40014 SET @OLD_FOREIGN_KEY_CHECKS=@@FOREIGN_KEY_CHECKS, FOREIGN_KEY_CHECKS=0 */;
/*!40101 SET @OLD_SQL_MODE=@@SQL_MODE, SQL_MODE='NO_AUTO_VALUE_ON_ZERO' */;
/*!40111 SET @OLD_SQL_NOTES=@@SQL_NOTES, SQL_NOTES=0 */;

--
-- Table structure for table `app_user`
--

DROP TABLE IF EXISTS `app_user`;
/*!40101 SET @saved_cs_client     = @@character_set_client */;
/*!50503 SET character_set_client = utf8mb4 */;
CREATE TABLE `app_user`
(
    `id`         bigint       NOT NULL AUTO_INCREMENT,
    `username`   varchar(100) NOT NULL,
    `password`   varchar(200) NOT NULL COMMENT 'BCrypt加密',
    `email`      varchar(200) DEFAULT NULL,
    `role`       varchar(20)  DEFAULT 'user' COMMENT 'user/admin',
    `created_at` datetime     DEFAULT CURRENT_TIMESTAMP,
    `updated_at` datetime     DEFAULT CURRENT_TIMESTAMP ON UPDATE CURRENT_TIMESTAMP,
    PRIMARY KEY (`id`),
    UNIQUE KEY `username` (`username`)
) ENGINE=InnoDB AUTO_INCREMENT=3 DEFAULT CHARSET=utf8mb4 COLLATE=utf8mb4_0900_ai_ci COMMENT='用户表';
/*!40101 SET character_set_client = @saved_cs_client */;

--
-- Dumping data for table `app_user`
--

LOCK
TABLES `app_user` WRITE;
/*!40000 ALTER TABLE `app_user` DISABLE KEYS */;
INSERT INTO `app_user`
VALUES (2, 'xiaoyang', '$2a$10$WiiCEOe6FFyiqCM10J0g4uXDPS4OpuSOOyjzg4JcipmKiujgbzdz6', '2974445625@qq.com', 'user',
        NULL, NULL);
/*!40000 ALTER TABLE `app_user` ENABLE KEYS */;
UNLOCK
TABLES;

--
-- Table structure for table `artifact`
--

DROP TABLE IF EXISTS `artifact`;
/*!40101 SET @saved_cs_client     = @@character_set_client */;
/*!50503 SET character_set_client = utf8mb4 */;
CREATE TABLE `artifact`
(
    `id`                 bigint       NOT NULL AUTO_INCREMENT,
    `project_id`         bigint       NOT NULL,
    `name`               varchar(200) NOT NULL,
    `type`               varchar(50)  DEFAULT NULL COMMENT '法器/丹药/灵物/契约/术法',
    `creator`            varchar(200) DEFAULT NULL COMMENT '创造者',
    `effect`             text COMMENT '作用',
    `related_characters` varchar(500) DEFAULT NULL COMMENT '相关人物',
    `description`        text,
    `created_at`         datetime     DEFAULT CURRENT_TIMESTAMP,
    `updated_at`         datetime     DEFAULT CURRENT_TIMESTAMP ON UPDATE CURRENT_TIMESTAMP,
    PRIMARY KEY (`id`),
    KEY                  `idx_project` (`project_id`)
) ENGINE=InnoDB AUTO_INCREMENT=14 DEFAULT CHARSET=utf8mb4 COLLATE=utf8mb4_0900_ai_ci COMMENT='灵物丹药表';
/*!40101 SET character_set_client = @saved_cs_client */;

--
-- Dumping data for table `artifact`
--

LOCK
TABLES `artifact` WRITE;
/*!40000 ALTER TABLE `artifact` DISABLE KEYS */;
INSERT INTO `artifact`
VALUES (1, 1, '铜镜（仙鉴）', '法器', '陆江仙寄身之物',
        '仙人陆江仙寄身之所。残魂附着铜镜失忆伴裂痕，经李家十五代人供养后渐渐觉醒。', '陆江仙·李木田·李项平',
        '陆江仙残魂所依附的青灰色铜镜。被李家拾得，从此开启仙族传承。', '2026-05-02 14:01:19', '2026-05-02 14:01:19'),
       (2, 1, '登名石', '法器', '陆江仙（创造者）',
        '仙道管理契约法器。给力量但死后灵魂收回。符种给了力量但死后连本带利灵魂被收回，极其歹毒。', '陆江仙',
        '太阳道统用来管理宗派的大规模劳役法器。表面施恩，实则极其歹毒。', '2026-05-02 14:01:19', '2026-05-02 14:01:19'),
       (3, 1, '玄珠祀灵术', '术法', '陆江仙', '凝聚符种，助凡人踏入修炼。死后修为反哺。', '陆江仙·李木田',
        '凝聚符种的方法，让凡人也能踏入修仙之路。死后修为会反哺给施法者。', '2026-05-02 14:01:19', '2026-05-02 14:01:19'),
       (4, 1, '太阴月华人丹', '丹药', '迟尉（特制）', '提升功法与仙基, 战力飙升。', '李尺泾·迟尉',
        '迟尉为李尺泾特制的丹药，配合人丹强化强行突破。副作用极大但战力飙升——可能是先养后吃的\"投资\"。',
        '2026-05-02 14:01:19', '2026-05-02 14:01:19'),
       (5, 1, '天一吐萃丹', '丹药', '未知', '延寿愈伤、洗炼仙基。数量极少。', '李玄宣·李曦明',
        '极其稀少的丹药，能延寿愈伤、洗炼仙基。', '2026-05-02 14:01:19', '2026-05-02 14:01:19'),
       (6, 1, '仙鉴碎片', '法器', '铜镜碎片', '铜镜碎片，关键道具。', '李渊蛟·郁慕仙',
        '铜镜（仙鉴）的碎片。李渊蛟以命换命从南疆洞天中夺回，是剧情关键道具。', '2026-05-02 14:01:19',
        '2026-05-02 14:01:19'),
       (7, 1, '铜镜（仙鉴）', '法器', '陆江仙寄身之物', '仙人陆江仙寄身之所。残魂附着铜镜失忆伴裂痕。',
        '陆江仙·李木田·李项平', '陆江仙残魂所依附的青灰色铜镜。', '2026-05-02 14:07:06', '2026-05-02 14:07:06'),
       (8, 1, '登名石', '法器', '陆江仙', '太阳道统劳役法器。给力量但死后灵魂收回。', '陆江仙',
        '大规模劳役法器，表面施恩实则歹毒。', '2026-05-02 14:07:06', '2026-05-02 14:07:06'),
       (9, 1, '玄珠祀灵术', '术法', '陆江仙', '凝聚符种，助凡人踏入修炼。死后修为反哺。', '陆江仙·李木田',
        '让凡人踏上修仙之路的术法。', '2026-05-02 14:07:06', '2026-05-02 14:07:06'),
       (10, 1, '箓丹', '丹药', '迟尉', '强行提升功法与仙基。副作用极大但战力飙升。', '李通崖·迟尉',
        '迟尉为李通崖特制的丹药，可能是先养后吃的投资。', '2026-05-02 14:07:06', '2026-05-02 14:07:06'),
       (11, 1, '天一吐萃丹', '丹药', '未知', '延寿愈伤、洗炼仙基。数量极少。', '李玄宣·李曦明', '极其稀少的丹药。',
        '2026-05-02 14:07:06', '2026-05-02 14:07:06'),
       (12, 1, '仙鉴碎片', '法器', '铜镜碎片', '铜镜的关键碎片。', '李渊蛟·郁慕仙', '李渊蛟以命换命夺回的铜镜碎片。',
        '2026-05-02 14:07:06', '2026-05-02 14:07:06'),
       (13, 1, 'test', '法器', 'test', 'test', '李周巍', 'test', '2026-05-02 18:49:30', '2026-05-02 18:49:30');
/*!40000 ALTER TABLE `artifact` ENABLE KEYS */;
UNLOCK
TABLES;

--
-- Table structure for table `category`
--

DROP TABLE IF EXISTS `category`;
/*!40101 SET @saved_cs_client     = @@character_set_client */;
/*!50503 SET character_set_client = utf8mb4 */;
CREATE TABLE `category`
(
    `id`         bigint       NOT NULL AUTO_INCREMENT,
    `project_id` bigint       NOT NULL,
    `name`       varchar(100) NOT NULL COMMENT '分类名称',
    `element`    varchar(20) DEFAULT NULL COMMENT '五行元素标识',
    `sort_order` int         DEFAULT '1',
    `created_at` datetime    DEFAULT CURRENT_TIMESTAMP,
    `updated_at` datetime    DEFAULT CURRENT_TIMESTAMP ON UPDATE CURRENT_TIMESTAMP,
    PRIMARY KEY (`id`),
    KEY          `idx_project` (`project_id`)
) ENGINE=InnoDB AUTO_INCREMENT=10 DEFAULT CHARSET=utf8mb4 COLLATE=utf8mb4_0900_ai_ci COMMENT='大分类表';
/*!40101 SET character_set_client = @saved_cs_client */;

--
-- Dumping data for table `category`
--

LOCK
TABLES `category` WRITE;
/*!40000 ALTER TABLE `category` DISABLE KEYS */;
INSERT INTO `category`
VALUES (1, 1, '阴阳', '阴阳', 1, '2026-05-02 13:13:35', '2026-05-02 13:13:35'),
       (2, 1, '金德', '金', 2, '2026-05-02 13:13:35', '2026-05-02 13:13:35'),
       (3, 1, '木德', '木', 3, '2026-05-02 13:13:35', '2026-05-02 13:13:35'),
       (4, 1, '水德', '水', 4, '2026-05-02 13:13:35', '2026-05-02 13:13:35'),
       (5, 1, '火德', '火', 5, '2026-05-02 13:13:35', '2026-05-02 13:13:35'),
       (6, 1, '土德', '土', 6, '2026-05-02 13:13:35', '2026-05-02 13:13:35'),
       (7, 1, '十二炁', '炁', 7, '2026-05-02 13:13:35', '2026-05-02 13:13:35'),
       (8, 1, '三雷', '雷', 8, '2026-05-02 13:13:35', '2026-05-02 13:13:35'),
       (9, 1, '并古一系', '巫', 9, '2026-05-02 13:13:35', '2026-05-02 13:13:35');
/*!40000 ALTER TABLE `category` ENABLE KEYS */;
UNLOCK
TABLES;

--
-- Table structure for table `character_profile`
--

DROP TABLE IF EXISTS `character_profile`;
/*!40101 SET @saved_cs_client     = @@character_set_client */;
/*!50503 SET character_set_client = utf8mb4 */;
CREATE TABLE `character_profile`
(
    `id`             bigint       NOT NULL AUTO_INCREMENT,
    `project_id`     bigint       NOT NULL,
    `name`           varchar(200) NOT NULL,
    `avatar_url`     varchar(500) DEFAULT NULL,
    `title`          varchar(200) DEFAULT NULL COMMENT '尊号',
    `realm`          varchar(100) DEFAULT NULL COMMENT '当前境界',
    `dao_tradition`  varchar(200) DEFAULT NULL COMMENT '修炼道统/果位',
    `faction_id`     bigint       DEFAULT NULL COMMENT '所属势力',
    `status`         varchar(50)  DEFAULT '存活' COMMENT '存活/已故/转世/被镇压/残魂',
    `lineage`        varchar(50)  DEFAULT NULL COMMENT '辈分：木/长/通/项/尺/玄/渊/曦/承/周/绛',
    `branch`         varchar(10)  DEFAULT NULL COMMENT '脉系：伯/仲/叔/季',
    `cause_of_death` varchar(500) DEFAULT NULL COMMENT '死因/结局',
    `description`    text,
    `notable_events` text COMMENT '光辉战绩',
    `spouse`         varchar(200) DEFAULT NULL COMMENT '配偶',
    `is_key_figure`  tinyint(1) DEFAULT '0' COMMENT '是否核心人物',
    `sort_order`     int          DEFAULT '1',
    `created_at`     datetime     DEFAULT CURRENT_TIMESTAMP,
    `updated_at`     datetime     DEFAULT CURRENT_TIMESTAMP ON UPDATE CURRENT_TIMESTAMP,
    PRIMARY KEY (`id`),
    KEY              `idx_project` (`project_id`),
    KEY              `idx_char_lineage_branch` (`lineage`,`branch`),
    KEY              `idx_char_faction` (`faction_id`),
    CONSTRAINT `fk_char_faction` FOREIGN KEY (`faction_id`) REFERENCES `faction` (`id`) ON DELETE SET NULL
) ENGINE=InnoDB AUTO_INCREMENT=120 DEFAULT CHARSET=utf8mb4 COLLATE=utf8mb4_0900_ai_ci COMMENT='人物档案表';
/*!40101 SET character_set_client = @saved_cs_client */;

--
-- Dumping data for table `character_profile`
--

LOCK
TABLES `character_profile` WRITE;
/*!40000 ALTER TABLE `character_profile` DISABLE KEYS */;
INSERT INTO `character_profile`
VALUES (1, 1, '李木田', NULL, NULL, NULL, '凡人', 1, '已故', '始祖', '', '凡人之身，寿终正寝',
        '李氏奠基始祖。在铜镜被李项平拾得后，迅速判断此为仙家传承并严令保密。', NULL, '田芸', 1, 1, '2026-05-02 12:58:49',
        '2026-05-02 20:28:22'),
       (2, 1, '李长湖', NULL, '李家长鹿', NULL, NULL, 1, '已故', '第1代', '伯', '死于意外算计，死得最早最意外',
        '四兄弟之长，伯脉始祖。宽厚仁爱，四兄弟中最早修行。', NULL, NULL, 0, 2, '2026-05-02 12:58:49',
        '2026-05-02 13:34:59'),
       (3, 1, '李通崖', NULL, '重海长鲸·月阙剑', '筑基', '坎水/太阴', 1, '已故', '第1代', '仲', '重伤不治，死后天地落雨',
        '四兄弟核心人物。第一位筑基大修士。攘除山越外患七十余年。死后天地同悲。 对抗九世摩诃（不完全体）时身受重伤，临终强撑服用丹药回光返照，鲸吞之势斩杀郁家筑基后离世。其后代接力清算释修，填补先辈血债。',
        '统率宗族七十余年；剑斩郁家筑基；以决死之志震慑望月湖群敌。评价：生则治宗族，除外患，定山越；死则衣冠平整，安然自若。',
        NULL, 1, 3, '2026-05-02 12:58:49', '2026-05-02 19:06:20'),
       (4, 1, '李项平', NULL, NULL, NULL, NULL, 1, '已故', '第1代', '叔', '闯入山越腹地，死于一道巫术',
        '四兄弟之三，叔脉始祖。狠辣骁勇，拾得铜镜的核心人物。', '拾得铜镜开启仙族之路；闯入山越腹地死于巫术，死状最悲壮。',
        NULL, 1, 4, '2026-05-02 12:58:49', '2026-05-02 12:58:49'),
       (5, 1, '李尺泾', NULL, '青穗剑仙', '筑基', '太阴·剑修（月阙剑典）', 1, '已故', '第1代', '季', '被迟尉炼为废丹',
        '李家最璀璨也最短暂的星辰。季脉始祖，尊号\"青穗剑仙\"。主修《月阙剑典》。拥有太阴月华之资，突破筑基时斩获惊人剑意。从踏入宗门起就被迟尉锁定为\"人丹\"目标。最终被迟尉炼为废丹，从容赴死。',
        '突破筑基时斩获惊人剑意，以筑基之身镇住剑门气运。临终遗言感人至深。', NULL, 1, 5, '2026-05-02 12:58:49',
        '2026-05-02 19:24:01'),
       (6, 1, '李玄宣', NULL, NULL, NULL, NULL, 1, '已故', '第2代', '伯', '寿元耗尽而终',
        '李长湖之子。自幼丧父，在李通崖照顾下长大。治家之能属李家之最。', '掌舵数十年，家族撑过无数死局。功成后甘当幕后智库。',
        '正妻窦氏，妾室木芽鹿（山越人）', 1, 6, '2026-05-02 12:58:49', '2026-05-02 19:24:02'),
       (7, 1, '李玄岭', NULL, NULL, '练气', '月阙剑弧（月阙剑典）', 1, '已故', '第2代', '仲', '客死江北',
        '李通崖长子，仲脉。聪慧有智谋，精研《月阙剑典》中的\"月阙剑弧\"。本是玄字辈最聪明的持家人选。风头太盛遭北方紫府算计，客死江北。父亲李通崖\"牺牲长子保全家族\"的至痛抉择。',
        NULL, '卢婉容', 0, 7, '2026-05-02 12:58:49', '2026-05-02 19:24:01'),
       (8, 1, '李玄锋', NULL, '金庚罡弦·金弓罡锋', '筑基巅峰', '庚金', 1, '已故', '第2代', '叔',
        '一人一弓射杀十八位释修法师后战死',
        '李项平之子，叔脉。尊号\"金庚罡弦·金弓罡锋\"。主修《罡弦金弓》功法，仙基\"镂金石·天金胄\"。早年入青池宗作质子。正妻宁和棉（宁家修士），外室江渔女（凡人，诞一子李渊渔）。',
        '在第一次南北大战中，以一己之力射杀十八位释修法师，力竭而亡，于望月湖坐化。',
        '正妻宁和棉（宁家修士），外室江渔女（凡人）', 1, 8, '2026-05-02 12:58:49', '2026-05-02 19:24:01'),
       (9, 1, '李渊蛟', NULL, NULL, '筑基', NULL, 1, '已故', '第3代', '季', '在蜃镜天内为完成家族托付，与唐摄都同归于尽',
        '李玄宣之妾木芽鹿所生。原伯脉庶子，后过继至季脉。性格多疑谨慎、杀性重。主修《太阴吐纳养轮经》与《江河一气诀》，仙基\"泾龙王\"，白箓\"行气吞灵\"，法器青尺剑。唯二受符受箓者。妻萧归鸾，育一子李曦治、一女李月湘。',
        '辅佐李曦明成就紫府；在蜃镜天内与唐摄都同归于尽，完成家族托付。临终自评：只恐叔公在下面见了我，怪我这辈子不择手段、行事太脏。',
        NULL, 1, 9, '2026-05-02 12:58:49', '2026-05-02 19:24:01'),
       (10, 1, '李清虹', NULL, '雷法天骄', '筑基中期→龙属紫府', '雷法（紫雷秘元功）', 1, '生死不明', '第3代', '仲',
        '被炼成龙属之雷，生死不明',
        '李玄岭之女，仲脉。李家第十一世仲脉嫡长女。主修《紫雷秘元功》，凝练玄雷泊仙基，持有法器杜若枪。曾担任家族早期核心战力。在东海经历巨变，被上古龙属\"吞雷\"千年大计选中，与龙属道统融合，成为龙属紫府，生死不明。',
        '持有法器杜若枪。入东海被龙属吞雷计划选中，成为龙属紫府。保留守护李家的执念。', NULL, 1, 10, '2026-05-02 12:58:49',
        '2026-05-02 19:24:01'),
       (11, 1, '李渊渔', NULL, '江雁', '紫府', '魔道', 1, '存活', '第3代', '叔', '已成就紫府，无法归宗',
        '李玄锋之子。魔灾中与家族失散，化名\"江雁\"带领魔修队伍纵横四方。', NULL, '', 1, 11, '2026-05-02 12:58:49',
        '2026-05-02 19:28:59'),
       (12, 1, '李渊钦', NULL, NULL, '筑基', NULL, 1, '存活', '第3代', '叔', NULL,
        '李玄锋幼子，生于倚山城。筑基修士。父牺牲后被迫站队，选择留在青池宗迟家与宁家一边。基本不回归本家，可能在青池宗内部有一定地位。',
        NULL, NULL, 0, 12, '2026-05-02 12:58:49', '2026-05-02 19:24:01'),
       (13, 1, '李曦明', NULL, '谷风真人', '紫府', NULL, 1, '存活', '第4代', '伯', '远遁东海暂不能归家',
        '伯脉符种持有者，尊号\"谷风真人\"。李家第一位紫府真人，开创了月湖李氏的仙族时代。酷爱丹道，初时被认为性最似凡人、患得患失。在家族危机中崛起，力排众议成就一重神通紫府，展现惊人实力。后被外界势力算计，远走东海，至今无法归家。已知有嫡孙李周暝。',
        '在不可能的情况下速成紫府；暗中使计让长霄化身动弹不得。', NULL, 1, 13, '2026-05-02 12:58:49',
        '2026-05-02 19:24:02'),
       (14, 1, '李曦峻', NULL, NULL, NULL, NULL, 1, '已故', '第4代', '仲', '死在大人物的权斗博弈中，尸体冻在冰里',
        '内里心计深沉，是\"李家中兴之人\"。为李曦明突破暗中大量铺垫。', '为李曦明突破紫府暗中做了大量铺垫。', NULL, 1, 14,
        '2026-05-02 12:58:49', '2026-05-02 12:58:49'),
       (15, 1, '李曦治', NULL, NULL, '筑基大圆满', '虹霞', 1, '存活', '第4代', '季', '筑基大圆满后辅佐家族后辈',
        '李渊蛟与萧归鸾之子，季脉代表人物。修虹霞道统（第7土，借戊土空证的特殊果位）。后劲极强，如同先祖李通崖。目前是青迟宗峰主、究天阁阁主。在紫府之下，术法修为名列前茅。',
        '筑基大圆满修士，任青迟宗峰主兼究天阁阁主。紫府之下术法几乎无人能出其右。', NULL, 0, 15, '2026-05-02 12:58:49',
        '2026-05-02 19:24:01'),
       (16, 1, '李曦峸', NULL, NULL, NULL, NULL, 1, '已故', '第4代', '仲', '突破筑基失败，耗尽全部积累',
        '性格宽厚仁爱，与李长湖最为相似。天赋不高，战力有限。', NULL, NULL, 0, 16, '2026-05-02 12:58:49',
        '2026-05-02 12:58:49'),
       (17, 1, '李周巍', NULL, '白麒', '紫府（四法圆满）', '明阳', 1, '存活', '第6代', '仲', '奋力求金冲击金丹真君之位',
        '李家中兴之主，少主。原叔脉李玄锋之子，后归宗至仲脉。明阳道统嫡系传人，自称\"老七\"。携带龙属血统觉醒（白麒）。紫府四法圆满大真人，主修神通「君蹈危」，使用《太阳应离术》（五品术法），兵器为一杆长戟。被卷入落霞山争夺明阳果位的巨大棋局中，为破局而远走东海。',
        '紫府四法圆满大真人。主修神通君蹈危，使用《太阳应离术》。携带龙属血统觉醒。落霞山表面支持实则谋夺洞华天宝物。明阳道统人越多越强，需要完整仙朝的势来助推求金。',
        NULL, 1, 17, '2026-05-02 12:58:49', '2026-05-02 19:24:01'),
       (18, 1, '李绛迁', NULL, NULL, '紫府', '明阳/离火', 1, '存活', '第7代', '仲', NULL,
        '魏王之子。天资卓越。神通昶离。新一代核心战力。',
        '栀景山登临金位时漫天离火改动望月湖灵氛，大利火德与水德，有近乎空证金位的壮举。', NULL, 1, 18,
        '2026-05-02 12:58:49', '2026-05-02 19:15:12'),
       (19, 1, '李阙宛', NULL, NULL, '紫府', '玄巫道术（素韫）', 1, '存活', '第7代', '伯', NULL,
        '李绛迁的妹妹。伯脉新一代符种持有者，已成就紫府一神通，道统为\"玄巫道术\"，神通名为\"素韫\"。', NULL, NULL, 1, 19,
        '2026-05-02 12:58:49', '2026-05-02 20:33:44'),
       (20, 1, '李承淮', NULL, NULL, '筑基', '上巫', 1, '存活', '第5代', '季', NULL, '李曦治之子。仙基勿查我，勘破人心。',
        NULL, NULL, 0, 20, '2026-05-02 12:58:49', '2026-05-02 12:58:49'),
       (21, 1, '李江群', NULL, '洞骅真人', '紫府', '太阴', 4, '已故', NULL, NULL, '死亡与杜青真君有关',
        '月华元府继承人。仙基湖月秋。陆江仙被怀疑曾借其身在世间行走。他的死引发南北大战。',
        '太阴道统传承者，月华元府真正主人。', NULL, 1, 21, '2026-05-02 12:58:49', '2026-05-02 12:58:49'),
       (22, 1, '李乾元', NULL, '明华煌元御世帝君', '金丹', '明阳余位上曜', 1, '转世', NULL, NULL,
        '仙朝被攻破，被镇压，不断转世', '魏李王朝始祖。建立魏李仙朝。被落霞山联合众金丹攻破，果位被囚禁。',
        '建立魏李仙朝；被落霞山镇压不断转世。', NULL, 1, 22, '2026-05-02 12:58:49', '2026-05-02 12:58:49'),
       (23, 1, '天武真炁神煞真君', NULL, '', '金丹', '真炁', NULL, '已故', NULL, NULL, '留下果位和三道金性化身',
        '真炁果位持有者，已故道德天花板。', '留下三道金性化身——杨浞即其中之一。', NULL, 1, 23, '2026-05-02 12:58:49',
        '2026-05-02 13:35:18'),
       (24, 1, '崔彦', NULL, NULL, '金丹', '明阳余位', 1, '已故', NULL, NULL, '魏李覆灭时殉劫',
        '魏李王朝明阳上曜余位真君。', NULL, NULL, 0, 24, '2026-05-02 12:58:49', '2026-05-02 12:58:49'),
       (25, 1, '剑门太昱', NULL, NULL, '金丹', '剑道', 9, '已故', NULL, NULL, '已战死', '剑道果位持有者。', NULL, NULL,
        0, 25, '2026-05-02 12:58:49', '2026-05-02 12:58:49'),
       (26, 1, '祝衡太祝', NULL, NULL, '金丹', '衡祝', NULL, '存活', NULL, NULL, '曾将嫡系送给和尚吃引发后患',
        '衡祝果位在世者。', NULL, NULL, 0, 26, '2026-05-02 12:58:49', '2026-05-02 12:58:49'),
       (27, 1, '少阳魔君', NULL, NULL, '道胎（仙人）', '少阳', NULL, '存活', NULL, NULL, '与晞炁相辅相成',
        '少阳果位持有者。道胎（仙人）级别。与晞炁（齐帝石苌）相辅相成。', NULL, NULL, 0, 27, '2026-05-02 12:58:49',
        '2026-05-02 13:40:06'),
       (28, 1, '盈仄仙人', NULL, '盈仄仙君（道胎）', '道胎（仙人）', '太阴', NULL, '存活', NULL, NULL, '以华光成名',
        '太阴果位持有者。道胎（仙人）级别。以华光成名。\"仙君\"称号为尊称，实际境界为道胎。', NULL, NULL, 0, 28,
        '2026-05-02 12:58:49', '2026-05-02 19:34:08'),
       (29, 1, '初伏仙君', NULL, NULL, '金丹', '青宣', NULL, '存活', NULL, NULL, '空证第6土', '青宣果位持有者。', NULL,
        NULL, 0, 29, '2026-05-02 12:58:49', '2026-05-02 12:58:49'),
       (30, 1, '杨浞', NULL, NULL, NULL, '真炁', 3, '存活', NULL, NULL, '真炁金性化身，阴司推举登果位',
        '天武真君遗留三道金性化身之一。', NULL, NULL, 1, 30, '2026-05-02 12:58:49', '2026-05-02 12:58:49'),
       (31, 1, '杜青', NULL, '太青真君', '金丹', '渌水', 5, '存活', NULL, NULL, '与李江群之死有关，幕后支持南北大战',
        '青池宗始祖。渌水正位真君。异府同炉道创始人。', '渌水正位真君；异府同炉道创始人；与李江群之死有关。', NULL, 1, 31,
        '2026-05-02 12:58:49', '2026-05-02 12:58:49'),
       (32, 1, '太越真君', NULL, NULL, '金丹', '战争果位', 6, '存活', NULL, NULL,
        '封山，暗中支持南北大战，想偷洞华天宝物', '修越宗始祖。修战争果位，需要战争才能进步。', NULL, NULL, 1, 32,
        '2026-05-02 12:58:49', '2026-05-02 12:58:49'),
       (33, 1, '齐帝石苌', NULL, NULL, '金丹', '晞炁', 16, '存活', NULL, NULL, '天克明阳，打破过魏李王朝',
        '晞炁果位在位者。太阳→少阳→晞炁→化明阳为少阳。', NULL, NULL, 1, 33, '2026-05-02 12:58:49', '2026-05-02 12:58:49'),
       (34, 1, '梁武帝', NULL, NULL, '金丹', '邃炁', NULL, '存活', NULL, NULL, '斩龙杀凤特攻型',
        '拓拔家始祖。化坎去离降合伏弱。', NULL, NULL, 0, 34, '2026-05-02 12:58:49', '2026-05-02 12:58:49'),
       (35, 1, '上元真君', NULL, NULL, '金丹', '玉真', 10, '存活', NULL, NULL, '新近证道，与杜青有深仇大恨',
        '玉真果位证得者。', NULL, NULL, 1, 35, '2026-05-02 12:58:49', '2026-05-02 12:58:49'),
       (36, 1, '苏悉空世尊', NULL, NULL, '世尊（≈道胎）', '华炁', 7, '存活', NULL, NULL, '从仙道偷来华炁果位，释修根源',
        '释修最高存在，世尊级别（对应仙道道胎境界）。从仙道偷来华炁正位，仙道再无华炁修士。', NULL, NULL, 1, 36,
        '2026-05-02 12:58:49', '2026-05-02 13:40:06'),
       (37, 1, '长霄', NULL, '颜见霄', '紫府', NULL, 13, '存活', NULL, NULL, '救出并改造李清虹为龙属之雷',
        '海外紫府。龙属吞雷大计关键推手。在玄岳之争中被李曦明暗算。', NULL, NULL, 1, 37, '2026-05-02 12:58:49',
        '2026-05-02 12:58:49'),
       (38, 1, '白子羽', NULL, NULL, '紫府', NULL, NULL, '存活', NULL, NULL, '太虚属兜玄道统范畴',
        '博学多闻。可能与陆江仙的兜玄传承有关联。', NULL, NULL, 0, 38, '2026-05-02 12:58:49', '2026-05-02 12:58:49'),
       (39, 1, '紫霈', NULL, NULL, '紫府', '紫炁', 8, '存活', NULL, NULL, '太栩真君徒孙辈', '紫烟门紫府真人。', NULL,
        NULL, 0, 39, '2026-05-02 12:58:49', '2026-05-02 12:58:49'),
       (40, 1, '紫霂', NULL, NULL, '紫府', '紫炁', 8, '存活', NULL, NULL, '太栩真君徒孙辈', '紫烟门紫府真人。', NULL,
        NULL, 0, 40, '2026-05-02 12:58:49', '2026-05-02 12:58:49'),
       (41, 1, '姜辅罔', NULL, NULL, '紫府', NULL, NULL, '存活', NULL, NULL, '二神通散修紫府', '散修紫府，≈紫府中期。',
        NULL, NULL, 0, 41, '2026-05-02 12:58:49', '2026-05-02 12:58:49'),
       (42, 1, '闻清昼', NULL, NULL, '紫府', NULL, NULL, '存活', NULL, NULL, '著名紫府，博古通今', '著名紫府修士。', NULL,
        NULL, 0, 42, '2026-05-02 12:58:49', '2026-05-02 12:58:49'),
       (43, 1, '长奚', NULL, NULL, '紫府', NULL, 14, '存活', NULL, NULL, '金羽宗', '金羽宗紫府修士。', NULL, NULL, 0, 43,
        '2026-05-02 12:58:49', '2026-05-02 12:58:49'),
       (44, 1, '文清', NULL, NULL, '怜愍', '释修', 7, '存活', NULL, NULL, '释修怜愍', '释修怜愍修士。', NULL, NULL, 0,
        44, '2026-05-02 12:58:49', '2026-05-02 12:58:49'),
       (45, 1, '邺桧', NULL, NULL, '怜愍', '释修', 7, '存活', NULL, NULL, '释修怜愍', '释修怜愍修士。', NULL, NULL, 0,
        45, '2026-05-02 12:58:49', '2026-05-02 12:58:49'),
       (46, 1, '迟尉', NULL, NULL, NULL, NULL, 5, '存活', NULL, NULL, '锁定李尺泾为\"人丹\"目标并吞噬之',
        '青池宗高层。吞噬李尺泾。曾为李通崖特制箓丹。', '吞噬李尺泾；曾为李通崖特制箓丹。', NULL, 1, 46,
        '2026-05-02 12:58:49', '2026-05-02 12:58:49'),
       (47, 1, '郁慕仙', NULL, NULL, '筑基', NULL, 11, '已故', NULL, NULL, '与李渊蛟在南疆洞天中同归于尽',
        '郁家筑基修士，与李家世仇。', '与李渊蛟同归于尽。', NULL, 1, 47, '2026-05-02 12:58:49', '2026-05-02 12:58:49'),
       (48, 1, '蛮子骨', NULL, NULL, NULL, NULL, 12, '已故', NULL, NULL, '杀害李项平的仇敌，后被李玄锋亲手杀死',
        '山越势力。', NULL, NULL, 1, 48, '2026-05-02 12:58:49', '2026-05-02 12:58:49'),
       (49, 1, '庆长怀', NULL, NULL, NULL, '玉真', 10, '存活', NULL, NULL, '玉真道统，与上元真君同脉', '长怀山势力。',
        NULL, NULL, 0, 49, '2026-05-02 12:58:49', '2026-05-02 12:58:49'),
       (50, 1, '合水龙君', NULL, NULL, '金丹（巅峰）', '合水', 13, '存活', NULL, NULL, '占据合水果位的龙族最强战力',
        '龙属势力最强战力，占据合水果位。金丹巅峰级别。龙属当前正图谋抢夺真炁果位以完成终极进化。', NULL, NULL, 1, 50,
        '2026-05-02 12:58:49', '2026-05-02 19:34:18'),
       (51, 1, '玄骨上人', NULL, NULL, NULL, NULL, NULL, '存活', NULL, NULL, '重要配角', NULL, NULL, NULL, 0, 51,
        '2026-05-02 12:58:49', '2026-05-02 12:58:49'),
       (52, 1, '真螭', NULL, NULL, NULL, NULL, 13, '存活', NULL, NULL, '与李清虹的龙属雷法紫府之路相关', '龙属势力。',
        NULL, NULL, 0, 52, '2026-05-02 12:58:49', '2026-05-02 12:58:49'),
       (53, 1, '郭南杌', NULL, NULL, '紫府以上', NULL, NULL, '存活', NULL, NULL, '李渊渔（江雁）之夫', '李渊渔之夫。',
        NULL, NULL, 0, 53, '2026-05-02 12:58:49', '2026-05-02 12:58:49'),
       (60, 1, '陆江仙', NULL, '青玄道统仙君', '仙君（金仙）', '青玄道统', NULL, '残魂', NULL, NULL, NULL,
        '青玄道统的仙人，紫府金丹道的开创者，登名石等仙术皆出自他手。真实境界为仙君（金仙）——在道胎之上，是修仙体系的真正顶点。拥有大法力可捏造顶配道胎。残魂附着铜镜失忆伴裂痕，经李家十五代人供养后，渐渐从垂钓旁观者转变为棋手。',
        '开创紫府金丹道；创造登名石等仙术；被怀疑三百年前借李江群之身在世间行走。 仙君即金仙，可捏造顶配道胎。曾借李江群之身在世间行走。',
        NULL, 1, 0, '2026-05-02 13:40:06', '2026-05-02 19:34:08'),
       (61, 1, '李叶盛', NULL, NULL, NULL, NULL, 1, '已故', '第1代', '庶', NULL,
        '李木田庶子。犁泾四子之外的第五子，存在感极低，未参与主脉传承。', NULL, NULL, 0, 61, '2026-05-02 13:31:11',
        '2026-05-02 13:31:11'),
       (62, 1, '李景恬', NULL, NULL, '凡人', NULL, 1, '已故', '第1代', '季', NULL,
        '李尺泾胞妹，李家第一位以凡人视角记录史书的女性史官。无灵窍，被定义为\"不幸\"，为家族牺牲巨大却从未被赋予符种。嫁凡人陈冬河，老死于民间。她或许是李家最被亏欠的人。',
        NULL, '陈冬河', 1, 62, '2026-05-02 13:31:11', '2026-05-02 13:31:11'),
       (63, 1, '李渊修', NULL, NULL, '筑基', NULL, 1, '已故', '第3代', '伯', '因郁家算计，死于一场意外的术雷之下',
        '李玄宣嫡长子，少家主。天资聪颖，本是李家继承的希望。因郁家算计，死于一场意外的术雷之下。其暴毙让李家瞬间陷入继承危机。',
        '本是渊字辈最出色的继承人。如先祖李长湖般，在生命最灿烂时突然暴毙。', NULL, 1, 63, '2026-05-02 13:31:11',
        '2026-05-02 19:24:01'),
       (64, 1, '李渊平', NULL, NULL, '凡人', NULL, 1, '已故', '第3代', '伯', NULL,
        '李玄宣嫡次子，李渊修之弟。天生没有灵窍，是体弱多病的凡人。因长兄意外身亡被赶鸭子上架接过家主之位。在管理族务中展现忠诚与担当，全力支持弟弟李渊蛟，被赞\"吾儿速来\"。先天不足而老死，是渊字辈少数得以善终之人。',
        '天生无灵窍，体弱多病的凡人。长兄李渊修意外身亡后，被赶鸭子上架接过家主之位。在管理族务中展现忠诚与担当，被赞\"吾儿速来\"。先天不足而老死，是渊字辈少数得以善终之人。',
        NULL, 1, 64, '2026-05-02 13:31:11', '2026-05-02 19:24:02'),
       (65, 1, '李曦月', NULL, NULL, NULL, NULL, 1, '存活', '第4代', NULL, NULL,
        '曦字辈女修，与四曦并称\"四曦一月\"。因家族前期较为艰难，书中几乎没有描写，属于\"隐身\"的一代。', NULL, NULL, 0, 65,
        '2026-05-02 13:31:11', '2026-05-02 13:31:11'),
       (66, 1, '李明宫', NULL, NULL, '筑基', NULL, 1, '存活', '第5代', '伯', NULL,
        '四曦之下相对出众的修士。书中笔墨主要作为筑基战力出现，并无特别剧情。', NULL, NULL, 0, 66, '2026-05-02 13:31:11',
        '2026-05-02 13:33:46'),
       (67, 1, '李承辽', NULL, NULL, NULL, NULL, 1, '已故', '第5代', '仲', NULL,
        '心思缜密，曾妥善处理家族中的命数者（许氏）。后因丹药冲突走火入魔身死。',
        '服用的突破丹药与自身仙基属性冲突，走火入魔身死。', NULL, 0, 67, '2026-05-02 13:31:11', '2026-05-02 13:31:11'),
       (68, 1, '李承㞧', NULL, NULL, '筑基', NULL, 1, '已故', '第5代', '仲', NULL,
        '李曦峻的亲兄弟。追随李清虹修雷法，为掩护李周巍撤退力战而亡。',
        '追随李清虹修行雷法。为了掩护核心人物李周巍撤退，在战场上力战而亡，展现了承字辈的忠勇。', NULL, 1, 68,
        '2026-05-02 13:31:11', '2026-05-02 19:26:58'),
       (69, 1, '李周暝', NULL, NULL, '练气→筑基', NULL, 1, '存活', '第6代', '伯', NULL,
        '李曦明之孙，伯脉。李家几代人中唯一的\"纨绔公子哥\"——好女色却有底线，被戏称为\"宝玉\"。尚未筑基时便因作风问题闻名族中。与先祖李曦明的稳重风格形成鲜明反差，是李家难得的\"异类\"。',
        '被戏称为\"宝玉\"的纨绔公子，好女色但有底线。', NULL, 0, 69, '2026-05-02 13:31:11', '2026-05-02 19:13:34'),
       (70, 1, '李周洛', NULL, NULL, '练气', NULL, 1, '存活', '第6代', '季', NULL,
        '李承淮之子，李曦治之孙。血脉中混杂了山越王族、紫府仙族萧氏、袁氏等多种高贵血统。',
        '在修为上不出众，但以其心计和手腕当过一小段时间的家主。', NULL, 0, 70, '2026-05-02 13:31:11',
        '2026-05-02 13:31:11'),
       (71, 1, '李行寒', NULL, NULL, '紫府', NULL, 1, '存活', '第6代', '伯', NULL,
        '李曦明孙女，伯脉女修。继承了先祖李玄岭的佩剑，定位与前代李明宫类似。经常外出历练。', NULL, NULL, 0, 71,
        '2026-05-02 13:31:11', '2026-05-02 19:24:02'),
       (72, 1, '李秋阳', NULL, NULL, '胎息', NULL, 1, '存活', '旁支', '叶姓归宗', NULL,
        '原叶氏，因身具灵窍被允许归宗。归宗后改姓李。', NULL, NULL, 0, 72, '2026-05-02 13:31:11', '2026-05-02 13:31:11'),
       (73, 1, '李承福', NULL, NULL, '练气', NULL, 1, '存活', '第5代', '叶姓归宗', NULL,
        '原叶氏，与李秋阳一同因灵窍被允许归宗。', NULL, NULL, 0, 73, '2026-05-02 13:31:11', '2026-05-02 13:31:11'),
       (74, 1, '李月湘', NULL, NULL, '练气', NULL, 1, '存活', '第4代', '季', NULL,
        '李渊蛟与萧归鸾之女，季脉。与袁家联姻的核心人物。', NULL, NULL, 0, 74, '2026-05-02 13:31:11',
        '2026-05-02 19:13:34'),
       (77, 1, '李玄明', NULL, NULL, NULL, NULL, 1, '已故', '第2代', '仲', NULL,
        '李通崖次子。存在感极低，配偶与子女信息不明。', NULL, NULL, 0, 77, '2026-05-02 19:07:52', '2026-05-02 19:07:52'),
       (101, 1, '伽泥奚', NULL, NULL, NULL, '上巫（应帝王）', 12, '已故', NULL, NULL, NULL,
        '山越领袖，仙基\"应帝王\"（定制最强仙基之一）。与李家激烈对抗，后在紫府修士冲突中碎轮解体而亡。',
        '与紫府修士冲突中碎轮解体而亡。', NULL, 1, 101, '2026-05-02 19:05:57', '2026-05-02 19:05:57'),
       (102, 1, '迟炙云', NULL, NULL, '筑基→突破紫府失败', NULL, 5, '已故', NULL, NULL, NULL,
        '迟家第二大核心人物。参与早期对李尺泾的陷害，中期对李曦治、袁湍及李玄锋等人的迫害。突破紫府差点成功时，被李泉涛两个儿子入内砍头而亡。',
        '被李泉涛两子入内砍头而亡——李家对迟家血仇隐忍清算贯穿多代。', NULL, 1, 102, '2026-05-02 19:05:57',
        '2026-05-02 19:05:57'),
       (103, 1, '唐摄都', NULL, NULL, NULL, NULL, NULL, '已故', NULL, NULL, NULL, '在蜃镜天内最终杀死李渊蛟。',
        '在蜃镜天内与李渊蛟对决，最终杀死李渊蛟。', NULL, 1, 103, '2026-05-02 19:05:57', '2026-05-02 19:05:57'),
       (104, 1, '郁玉封', NULL, NULL, NULL, NULL, 11, '已故', NULL, NULL, NULL,
        '郁家筑基修士。由迟步梓和\"钓鱼佬\"共同击杀。', '由迟步梓和钓鱼佬共同击杀。', NULL, 0, 104, '2026-05-02 19:05:57',
        '2026-05-02 19:05:57'),
       (105, 1, '迟步梓', NULL, NULL, NULL, NULL, 5, '存活', NULL, NULL, NULL,
        '青池宗修士。与钓鱼佬共同击杀郁玉封，帮了李家一把。', '与钓鱼佬共同击杀郁玉封。', NULL, 0, 105,
        '2026-05-02 19:05:57', '2026-05-02 19:05:57'),
       (106, 1, '九世摩诃', NULL, NULL, '摩诃（九世）', '释修', 7, '存活', NULL, NULL, NULL,
        '赵国释修修炼的九世摩诃，李通崖重伤后回光返照斩杀郁家筑基后离世。其释修后裔在后期被李家接力清算。',
        '与李通崖对战，致其重伤。后其释修后代被李家清算。', NULL, 1, 106, '2026-05-02 19:05:57', '2026-05-02 19:05:57'),
       (107, 1, '李泉涛', NULL, NULL, NULL, NULL, 1, '存活', NULL, NULL, NULL,
        '李家子弟。他的两个儿子在迟炙云突破紫府时入内砍了其头，为李家报了血仇。', '两个儿子入内砍了迟炙云的头。', NULL, 0,
        107, '2026-05-02 19:05:57', '2026-05-02 19:13:34'),
       (108, 1, '王蕃', NULL, '第一世', '金丹', '兑金', NULL, '已故', NULL, NULL, NULL,
        '太元真君第一世。随社稷势力攻打雷宫，服仙药\"不隳\"遮掩因果，临阵倒戈绞杀玄雷余位真君，成就兑金余位。童年因桓家一场降雪差点冻死，对门阀体制充满仇恨。',
        '随社稷势力攻打雷宫；临阵倒戈绞杀玄雷余位真君；成就兑金余位。', NULL, 1, 108, '2026-05-02 19:05:57',
        '2026-05-02 19:05:57'),
       (109, 1, '张元禹', NULL, '第二世', NULL, '衍華道轨', NULL, '已故', NULL, NULL, NULL,
        '太元真君第二世。所在衍華道轨因恭华道轨不理而衰亡。', NULL, NULL, 0, 109, '2026-05-02 19:05:57',
        '2026-05-02 19:05:57'),
       (110, 1, '太元真君', NULL, '第三世（金一太元）', '金丹', '兑金', NULL, '存活', NULL, NULL, NULL,
        '太元真君第三世。借庚金之力击杀同门太昱（太阳道轨兑金真君）。获得\"司命之光（戊土落霞势力辅助）\"，被认为与落霞存在暗中勾结。过去曾主导覆灭雷宫等大事件，目前动向不明。',
        '击杀同门太昱；获得司命之光；主导覆灭雷宫。', NULL, 1, 110, '2026-05-02 19:05:57', '2026-05-02 19:05:57'),
       (111, 1, '王毓', NULL, NULL, NULL, NULL, NULL, '存活', NULL, NULL, NULL,
        '王蕃之妹。被嫁予龙虎台素京真君（全丹果位），与王蕃共同参与雷宫覆灭战。', NULL, NULL, 0, 111, '2026-05-02 19:05:57',
        '2026-05-02 19:05:57'),
       (112, 1, '素京真君', NULL, NULL, '金丹', '全丹', NULL, '存活', NULL, NULL, NULL, NULL, NULL, NULL, 1, 112,
        '2026-05-02 19:05:57', '2026-05-02 19:05:57'),
       (113, 1, '木芽鹿', NULL, NULL, NULL, NULL, 1, '存活', NULL, NULL, NULL,
        '李玄宣的山越妾室，李渊蛟的生母。她的出身是李渊蛟童年被疏离的根源。', NULL, '李玄宣（妾）', 0, 113,
        '2026-05-02 19:24:28', '2026-05-02 19:24:28'),
       (114, 1, '宁和棉', NULL, NULL, NULL, NULL, NULL, '存活', NULL, NULL, NULL,
        '李玄锋正妻，宁家修士。育有子女，但信息不详。', NULL, '李玄锋（正妻）', 0, 114, '2026-05-02 19:24:29',
        '2026-05-02 19:24:29'),
       (115, 1, '李叶生', NULL, NULL, NULL, NULL, 1, '存活', '第1代', '庶', NULL,
        '李叶盛之子。父亲早逝后被家族收养，归入旁支。', NULL, NULL, 0, 115, '2026-05-02 19:24:29', '2026-05-02 19:24:29'),
       (116, 1, '李谢文', NULL, NULL, NULL, NULL, 1, '存活', '第2代', '庶', NULL,
        '李叶生长子。自幼与李玄锋亲近，后协助李玄宣处理族务。', NULL, NULL, 0, 116, '2026-05-02 19:24:29',
        '2026-05-02 19:24:29'),
       (117, 1, '李清晓', NULL, NULL, NULL, NULL, 1, '存活', NULL, '季', NULL, '从名字偏旁推断应属季脉。信息较少。', NULL,
        NULL, 0, 117, '2026-05-02 19:24:29', '2026-05-02 19:24:29'),
       (118, 1, '李渊云', NULL, NULL, '凡人', NULL, 1, '已故', '第3代', '伯', NULL,
        '李玄宣妾木芽鹿所生庶子。无灵窍的凡人，笔墨较少。', NULL, NULL, 0, 118, '2026-05-02 19:24:29',
        '2026-05-02 19:24:29');
/*!40000 ALTER TABLE `character_profile` ENABLE KEYS */;
UNLOCK
TABLES;

--
-- Table structure for table `character_relation`
--

DROP TABLE IF EXISTS `character_relation`;
/*!40101 SET @saved_cs_client     = @@character_set_client */;
/*!50503 SET character_set_client = utf8mb4 */;
CREATE TABLE `character_relation`
(
    `id`             bigint      NOT NULL AUTO_INCREMENT,
    `source_char_id` bigint      NOT NULL,
    `target_char_id` bigint      NOT NULL,
    `relation_type`  varchar(30) NOT NULL COMMENT 'ally/enemy/mentor/disciple/family/rival/unknown',
    `description`    text,
    `created_at`     datetime DEFAULT CURRENT_TIMESTAMP,
    `updated_at`     datetime DEFAULT CURRENT_TIMESTAMP ON UPDATE CURRENT_TIMESTAMP,
    PRIMARY KEY (`id`),
    KEY              `idx_source` (`source_char_id`),
    KEY              `idx_target` (`target_char_id`),
    KEY              `idx_character_relation_source` (`source_char_id`),
    KEY              `idx_character_relation_target` (`target_char_id`),
    CONSTRAINT `fk_rel_source` FOREIGN KEY (`source_char_id`) REFERENCES `character_profile` (`id`) ON DELETE CASCADE,
    CONSTRAINT `fk_rel_target` FOREIGN KEY (`target_char_id`) REFERENCES `character_profile` (`id`) ON DELETE CASCADE
) ENGINE=InnoDB AUTO_INCREMENT=142 DEFAULT CHARSET=utf8mb4 COLLATE=utf8mb4_0900_ai_ci COMMENT='人物关系表';
/*!40101 SET character_set_client = @saved_cs_client */;

--
-- Dumping data for table `character_relation`
--

LOCK
TABLES `character_relation` WRITE;
/*!40000 ALTER TABLE `character_relation` DISABLE KEYS */;
INSERT INTO `character_relation`
VALUES (80, 1, 2, 'family', '李木田长子→李长湖', '2026-05-02 12:58:49', '2026-05-02 18:48:22'),
       (81, 1, 3, 'family', '李木田次子→李通崖', '2026-05-02 12:58:49', '2026-05-02 18:48:22'),
       (82, 1, 4, 'family', '李木田三子→李项平', '2026-05-02 12:58:49', '2026-05-02 18:48:22'),
       (83, 1, 5, 'family', '李木田幼子→李尺泾', '2026-05-02 12:58:49', '2026-05-02 18:48:22'),
       (84, 2, 6, 'family', '李长湖之子→李玄宣', '2026-05-02 12:58:49', '2026-05-02 18:48:22'),
       (85, 3, 7, 'family', '李通崖长子→李玄岭', '2026-05-02 12:58:49', '2026-05-02 18:48:22'),
       (86, 4, 8, 'family', '李项平之子→李玄锋', '2026-05-02 12:58:49', '2026-05-02 18:48:22'),
       (87, 6, 9, 'family', '李玄宣之子→李渊蛟', '2026-05-02 12:58:49', '2026-05-02 18:48:22'),
       (88, 7, 10, 'family', '李玄岭之女→李清虹', '2026-05-02 12:58:49', '2026-05-02 18:48:22'),
       (89, 8, 11, 'family', '李玄锋之女→李渊渔', '2026-05-02 12:58:49', '2026-05-02 18:48:22'),
       (90, 8, 12, 'family', '李玄锋之子→李渊钦', '2026-05-02 12:58:49', '2026-05-02 18:48:22'),
       (91, 13, 17, 'family', '李曦明后人→李周巍', '2026-05-02 12:58:49', '2026-05-02 18:48:22'),
       (92, 13, 18, 'family', '李曦明后人→李绛迁', '2026-05-02 12:58:49', '2026-05-02 18:48:22'),
       (93, 13, 19, 'family', '李曦明后人→李阙宛', '2026-05-02 12:58:49', '2026-05-02 18:48:22'),
       (94, 15, 20, 'family', '李曦治之子→李承淮', '2026-05-02 12:58:49', '2026-05-02 18:48:22'),
       (95, 46, 5, 'enemy', '迟尉吞噬李尺泾', '2026-05-02 12:58:49', '2026-05-02 18:48:22'),
       (96, 47, 9, 'enemy', '郁慕仙与李渊蛟同归于尽', '2026-05-02 12:58:49', '2026-05-02 18:48:22'),
       (97, 48, 4, 'enemy', '蛮子骨杀害李项平', '2026-05-02 12:58:49', '2026-05-02 18:48:22'),
       (98, 8, 48, 'enemy', '李玄锋杀死蛮子骨为父报仇', '2026-05-02 12:58:49', '2026-05-02 18:48:22'),
       (99, 31, 21, 'enemy', '杜青与李江群之死有关', '2026-05-02 12:58:49', '2026-05-02 18:48:22'),
       (100, 35, 31, 'enemy', '上元真君与杜青有深仇大恨', '2026-05-02 12:58:49', '2026-05-02 18:48:22'),
       (101, 22, 17, 'family', '李乾元→李周巍同属明阳道统', '2026-05-02 12:58:49', '2026-05-02 18:48:22'),
       (103, 8, 11, 'family', '李玄锋之子→李渊渔（母江渔女）', '2026-05-02 19:02:45', '2026-05-02 19:02:45'),
       (104, 9, 15, 'family', '李渊蛟之子→李曦治', '2026-05-02 19:02:45', '2026-05-02 19:02:45'),
       (105, 9, 74, 'family', '李渊蛟之女→李月湘', '2026-05-02 19:02:45', '2026-05-02 19:02:45'),
       (106, 17, 18, 'family', '李周巍之子→李绛迁（仲脉）', '2026-05-02 19:02:45', '2026-05-02 19:17:15'),
       (110, 101, 4, 'enemy', '山越领袖伽泥奚与李项平激烈对抗', '2026-05-02 19:06:05', '2026-05-02 19:06:05'),
       (111, 102, 5, 'enemy', '迟炙云参与早期对李尺泾的陷害', '2026-05-02 19:06:05', '2026-05-02 19:06:05'),
       (112, 102, 15, 'enemy', '迟炙云参与对李曦治的迫害', '2026-05-02 19:06:05', '2026-05-02 19:06:05'),
       (113, 103, 9, 'enemy', '唐摄都在蜃镜天内杀死李渊蛟', '2026-05-02 19:06:05', '2026-05-02 19:06:05'),
       (114, 106, 3, 'enemy', '九世摩诃与李通崖对战，致其重伤', '2026-05-02 19:06:05', '2026-05-02 19:06:05'),
       (115, 37, 10, 'enemy', '长霄抽走李清虹龙属血脉，致其被吞雷控制', '2026-05-02 19:06:05', '2026-05-02 19:06:05'),
       (116, 37, 13, 'enemy', '李曦明用计迫使长霄化身蛰伏', '2026-05-02 19:06:05', '2026-05-02 19:06:05'),
       (117, 110, 25, 'enemy', '太元真君击杀同门太昱（太阳道轨兑金真君）', '2026-05-02 19:06:05', '2026-05-02 19:06:05'),
       (118, 108, 111, 'family', '王蕃之妹→王毓', '2026-05-02 19:06:05', '2026-05-02 19:06:05'),
       (119, 111, 112, 'family', '王毓嫁予素京真君（全丹果位）', '2026-05-02 19:06:05', '2026-05-02 19:06:05'),
       (120, 3, 77, 'family', '李通崖次子→李玄明', '2026-05-02 19:07:52', '2026-05-02 19:07:52'),
       (121, 6, 63, 'family', '李玄宣嫡长子→李渊修', '2026-05-02 19:07:52', '2026-05-02 19:07:52'),
       (122, 6, 64, 'family', '李玄宣嫡次子→李渊平', '2026-05-02 19:07:52', '2026-05-02 19:07:52'),
       (123, 9, 74, 'family', '李渊蛟之女→李月湘', '2026-05-02 19:07:53', '2026-05-02 19:07:53'),
       (124, 9, 15, 'family', '李渊蛟之子→李曦治', '2026-05-02 19:07:53', '2026-05-02 19:07:53'),
       (126, 20, 70, 'family', '李承淮之子→李周洛（季脉）', '2026-05-02 19:07:53', '2026-05-02 19:07:53'),
       (127, 13, 69, 'family', '李曦明之孙→李周暝', '2026-05-02 19:07:53', '2026-05-02 19:07:53'),
       (128, 13, 71, 'family', '李曦明孙女→李行寒', '2026-05-02 19:07:53', '2026-05-02 19:07:53'),
       (130, 101, 4, 'enemy', '山越领袖伽泥奚与李项平激烈对抗', '2026-05-02 19:07:53', '2026-05-02 19:07:53'),
       (131, 102, 5, 'enemy', '迟炙云参与早期对李尺泾的陷害', '2026-05-02 19:07:53', '2026-05-02 19:07:53'),
       (132, 103, 9, 'enemy', '唐摄都在蜃镜天内杀死李渊蛟', '2026-05-02 19:07:53', '2026-05-02 19:07:53'),
       (133, 106, 3, 'enemy', '九世摩诃与李通崖对战，致其重伤', '2026-05-02 19:07:53', '2026-05-02 19:07:53'),
       (134, 37, 10, 'enemy', '长霄抽走李清虹龙属血脉', '2026-05-02 19:07:53', '2026-05-02 19:07:53'),
       (135, 37, 13, 'enemy', '李曦明用计迫使长霄化身蛰伏', '2026-05-02 19:07:53', '2026-05-02 19:07:53'),
       (136, 6, 113, 'family', '李玄宣妾室→木芽鹿（山越人）', '2026-05-02 19:24:38', '2026-05-02 19:24:38'),
       (137, 8, 114, 'family', '李玄锋正妻→宁和棉（宁家修士）', '2026-05-02 19:24:38', '2026-05-02 19:24:38'),
       (138, 61, 115, 'family', '李叶盛之子→李叶生（被家族收养）', '2026-05-02 19:24:38', '2026-05-02 19:24:38'),
       (139, 115, 116, 'family', '李叶生长子→李谢文', '2026-05-02 19:24:38', '2026-05-02 19:24:38'),
       (140, 6, 118, 'family', '李玄宣庶子→李渊云（伯脉凡人，木芽鹿所生）', '2026-05-02 19:24:38', '2026-05-02 19:24:38'),
       (141, 19, 18, 'family', '李绛迁的妹妹→李阙宛（兄妹）', '2026-05-02 19:24:38', '2026-05-02 19:24:38');
/*!40000 ALTER TABLE `character_relation` ENABLE KEYS */;
UNLOCK
TABLES;

--
-- Table structure for table `cultivation_path`
--

DROP TABLE IF EXISTS `cultivation_path`;
/*!40101 SET @saved_cs_client     = @@character_set_client */;
/*!50503 SET character_set_client = utf8mb4 */;
CREATE TABLE `cultivation_path`
(
    `id`                  bigint       NOT NULL AUTO_INCREMENT,
    `project_id`          bigint       NOT NULL,
    `name`                varchar(100) NOT NULL COMMENT '道统名称',
    `feature`             text COMMENT '核心特征',
    `weakness`            text COMMENT '缺点',
    `breakthrough_method` text COMMENT '突破方式',
    `representative`      varchar(500) DEFAULT NULL COMMENT '代表人物',
    `icon`                varchar(50)  DEFAULT NULL COMMENT '图标文字',
    `color`               varchar(20)  DEFAULT NULL COMMENT '主题色',
    `sort_order`          int          DEFAULT '1',
    `created_at`          datetime     DEFAULT CURRENT_TIMESTAMP,
    `updated_at`          datetime     DEFAULT CURRENT_TIMESTAMP ON UPDATE CURRENT_TIMESTAMP,
    PRIMARY KEY (`id`),
    KEY                   `idx_project` (`project_id`)
) ENGINE=InnoDB AUTO_INCREMENT=6 DEFAULT CHARSET=utf8mb4 COLLATE=utf8mb4_0900_ai_ci COMMENT='修炼道统表';
/*!40101 SET character_set_client = @saved_cs_client */;

--
-- Dumping data for table `cultivation_path`
--

LOCK
TABLES `cultivation_path` WRITE;
/*!40000 ALTER TABLE `cultivation_path` DISABLE KEYS */;
INSERT INTO `cultivation_path`
VALUES (1, 1, '服气养性道',
        '最古老的道统。性命双修，寿命超长（上千岁），上限极高（道胎以上）。 此道统可修至道胎（仙人），道胎之上为仙君（金仙）。',
        '前期法术威力太弱，成材率极低。\"天变\"之后古法几乎失效。',
        '先凝聚金性再求金丹果位。不需依赖果位即可突破→可脱离束缚远走天外。', '周巍（《南离服食法》）', '古', '#c9a96e', 1,
        '2026-05-02 12:58:48', '2026-05-02 13:40:07'),
       (2, 1, '紫府金丹道',
        '当今主流道统，只修性不修命。前期斗法强，可\"吃人丹\"突破。可转异府同炉。 此道统可修至道胎（仙人），道胎之上为仙君（金仙）。',
        '寿命短（紫府500年），上限止步金丹。至今无道胎成功案例。',
        '五法圆满后燃烧神通凝聚金性，用金性吸引果位。主流捷径：吞噬对应仙基的筑基修士+紫府灵物。', '李家全族', '丹',
        '#9b6bc9', 2, '2026-05-02 12:58:48', '2026-05-02 13:40:07'),
       (3, 1, '异府同炉',
        '北方正统魔道。吸食他人气血飞涨，保命能力极强。版本新贵。 此道统可修至道胎（仙人），道胎之上为仙君（金仙）。',
        '突破时难度极高（将异府推入太虚）。上限未知。', '修炼\"土地庙\"（异府），推入太虚即突破金丹。\"求金\"一词几乎专指此道。',
        '渌水杜青真君', '魔', '#c96b6b', 3, '2026-05-02 12:58:48', '2026-05-02 13:40:07'),
       (4, 1, '释修',
        '\"集众修行\"云端修仙，只修命不修性。生命顽强方便换法躯。考进体制天赋不重要。 此道统修至极限可达道胎（仙人），道胎之上为仙君（金仙）——修仙体系的真正顶点。',
        '阶级固化严重（\"舍利堆\"），修士力量多来自体制赋予，自我控制力有限。',
        '缔结因果、了却因果增长道行。命数是客观存在，修释靠因果积累。', '苏悉空世尊', '释', '#c99e6b', 4,
        '2026-05-02 12:58:48', '2026-05-02 19:34:08'),
       (5, 1, '巫箓道',
        '神秘巫箓体系，包含符箓、祭祀、祝祷等巫术。在并古法中占据重要位置。 此道统修至极限可达道胎（仙人），道胎之上为仙君（金仙）——修仙体系的真正顶点。',
        '资料较少，历史记录模糊。', '陆江仙展现过人巫术天赋，疑为兜玄道统祖传法门。', '陆江仙', '巫', '#8b4040', 5,
        '2026-05-02 12:58:48', '2026-05-02 19:34:08');
/*!40000 ALTER TABLE `cultivation_path` ENABLE KEYS */;
UNLOCK
TABLES;

--
-- Table structure for table `cultivation_path_stage`
--

DROP TABLE IF EXISTS `cultivation_path_stage`;
/*!40101 SET @saved_cs_client     = @@character_set_client */;
/*!50503 SET character_set_client = utf8mb4 */;
CREATE TABLE `cultivation_path_stage`
(
    `id`          bigint NOT NULL AUTO_INCREMENT,
    `path_id`     bigint NOT NULL,
    `realm_id`    bigint NOT NULL,
    `description` text COMMENT '该道统在此境界的表现',
    `created_at`  datetime DEFAULT CURRENT_TIMESTAMP,
    `updated_at`  datetime DEFAULT CURRENT_TIMESTAMP ON UPDATE CURRENT_TIMESTAMP,
    PRIMARY KEY (`id`),
    KEY           `idx_path` (`path_id`),
    KEY           `idx_realm` (`realm_id`)
) ENGINE=InnoDB AUTO_INCREMENT=61 DEFAULT CHARSET=utf8mb4 COLLATE=utf8mb4_0900_ai_ci COMMENT='道统×境界表现表';
/*!40101 SET character_set_client = @saved_cs_client */;

--
-- Dumping data for table `cultivation_path_stage`
--

LOCK
TABLES `cultivation_path_stage` WRITE;
/*!40000 ALTER TABLE `cultivation_path_stage` DISABLE KEYS */;
INSERT INTO `cultivation_path_stage`
VALUES (31, 1, 1, '六轮修炼极为艰难，需极深灵根根基。入门即淘汰九成九。', '2026-05-02 18:48:22', '2026-05-02 18:48:22'),
       (32, 1, 2, '采气过程极其缓慢，法力增长远逊于紫府金丹道。但根基最为纯净。', '2026-05-02 18:48:22',
        '2026-05-02 18:48:22'),
       (33, 1, 3, '仙基纯净无瑕，不含杂质。寿命显现优势。', '2026-05-02 18:48:22', '2026-05-02 18:48:22'),
       (34, 1, 4, '虽可进入紫府，但法术威力依然很弱。最煎熬的时期。', '2026-05-02 18:48:22', '2026-05-02 18:48:22'),
       (35, 1, 5, '先凝聚金性再求金丹，不需依赖果位即可突破。可脱离束缚远走天外。', '2026-05-02 18:48:22',
        '2026-05-02 18:48:22'),
       (36, 1, 6, '掌控果位后实力极强，可自行选择是否离去。', '2026-05-02 18:48:22', '2026-05-02 18:48:22'),
       (37, 2, 1, '入门门槛低，六轮凝聚相对容易。', '2026-05-02 18:48:22', '2026-05-02 18:48:22'),
       (38, 2, 2, '采气快速，法力增长迅猛，前期斗法即为最强道统之一。', '2026-05-02 18:48:22', '2026-05-02 18:48:22'),
       (39, 2, 3, '仙基形成较快但品质参差。同参吞噬体系在此成型。', '2026-05-02 18:48:22', '2026-05-02 18:48:22'),
       (40, 2, 4, '核心阶段。修行者极多。\"吃人丹\"突破法即在此阶段。', '2026-05-02 18:48:22', '2026-05-02 18:48:22'),
       (41, 2, 5, '五法圆满后梭哈一次求金。成功率取决于果位空缺和命数。', '2026-05-02 18:48:22', '2026-05-02 18:48:22'),
       (42, 2, 6, '至今无人通过此道达到道胎。金丹即为天花板。', '2026-05-02 18:48:22', '2026-05-02 18:48:22'),
       (43, 3, 1, '与紫府金丹道类似，入门相对容易。', '2026-05-02 18:48:22', '2026-05-02 18:48:22'),
       (44, 3, 2, '吸食他人气血飞涨，法力增长在所有道统中最快。', '2026-05-02 18:48:22', '2026-05-02 18:48:22'),
       (45, 3, 3, '筑基阶段即建立\"土地庙\"（异府），保命能力极强。', '2026-05-02 18:48:22', '2026-05-02 18:48:22'),
       (46, 3, 4, '异府真人阶段，异府成为核心修炼对象。', '2026-05-02 18:48:22', '2026-05-02 18:48:22'),
       (47, 3, 5, '将异府推入太虚，突破金丹。难度极高，争议较大。', '2026-05-02 18:48:22', '2026-05-02 18:48:22'),
       (48, 3, 6, '道胎阶段尚无明确记录，上限未知。', '2026-05-02 18:48:22', '2026-05-02 18:48:22'),
       (49, 4, 1, '僧侣阶段，通过考试进入体制，天赋不重要。', '2026-05-02 18:48:22', '2026-05-02 18:48:22'),
       (50, 4, 2, '法师阶段，开始从摩诃借力修行。云端修仙模式成型。', '2026-05-02 18:48:22', '2026-05-02 18:48:22'),
       (51, 4, 3, '怜愍阶段≈无神通紫府初期。三个级别：金莲座/发慧座/萨埵座。', '2026-05-02 18:48:22',
        '2026-05-02 18:48:22'),
       (52, 4, 4, '摩诃阶段，一~九世摩诃对应紫府初到巅峰。', '2026-05-02 18:48:22', '2026-05-02 18:48:22'),
       (53, 4, 5, '法相阶段≈金丹级。需从仙道偷来的华炁道统支持。', '2026-05-02 18:48:22', '2026-05-02 18:48:22'),
       (54, 4, 6, '世尊阶段≈道胎。苏悉空世尊是此道巅峰。', '2026-05-02 18:48:22', '2026-05-02 18:48:22'),
       (55, 5, 1, '巫箓入门，学习基础符箓和祭祀仪轨。', '2026-05-02 18:48:22', '2026-05-02 18:48:22'),
       (56, 5, 2, '采气与符箓结合，修炼路径独特。', '2026-05-02 18:48:22', '2026-05-02 18:48:22'),
       (57, 5, 3, '仙基形成与巫术融合，出现独特巫箓仙基。', '2026-05-02 18:48:22', '2026-05-02 18:48:22'),
       (58, 5, 4, '神通带有巫术特征，与主流道统差异明显。', '2026-05-02 18:48:22', '2026-05-02 18:48:22'),
       (59, 5, 5, '金丹阶段的巫箓道统记录极少。', '2026-05-02 18:48:22', '2026-05-02 18:48:22'),
       (60, 5, 6, '道胎阶段的巫箓道统几乎无记载。', '2026-05-02 18:48:22', '2026-05-02 18:48:22');
/*!40000 ALTER TABLE `cultivation_path_stage` ENABLE KEYS */;
UNLOCK
TABLES;

--
-- Table structure for table `entity_item`
--

DROP TABLE IF EXISTS `entity_item`;
/*!40101 SET @saved_cs_client     = @@character_set_client */;
/*!50503 SET character_set_client = utf8mb4 */;
CREATE TABLE `entity_item`
(
    `id`                     bigint       NOT NULL AUTO_INCREMENT,
    `project_id`             bigint       NOT NULL,
    `category_id`            bigint       DEFAULT NULL,
    `sub_category_id`        bigint       DEFAULT NULL,
    `name`                   varchar(200) NOT NULL COMMENT '条目名称',
    `badge`                  varchar(20)  DEFAULT NULL COMMENT '右上角徽章：阳/阴/金/木/水/火/土/炁/雷/巫/祝/素/杂',
    `golden_nature`          varchar(500) DEFAULT NULL COMMENT '金性描述',
    `notes`                  text COMMENT '备注',
    `sort_order`             int          DEFAULT '1',
    `created_at`             datetime     DEFAULT CURRENT_TIMESTAMP,
    `updated_at`             datetime     DEFAULT CURRENT_TIMESTAMP ON UPDATE CURRENT_TIMESTAMP,
    `first_appeared_chapter` int          DEFAULT NULL COMMENT '首次出现在第几章',
    `is_empty_certification` tinyint(1) DEFAULT '0' COMMENT '是否空证果位',
    PRIMARY KEY (`id`),
    KEY                      `idx_project` (`project_id`),
    KEY                      `idx_category` (`category_id`),
    KEY                      `idx_sub_category` (`sub_category_id`),
    KEY                      `idx_entity_category` (`category_id`,`project_id`),
    CONSTRAINT `fk_item_category` FOREIGN KEY (`category_id`) REFERENCES `category` (`id`) ON DELETE SET NULL,
    CONSTRAINT `fk_item_subcategory` FOREIGN KEY (`sub_category_id`) REFERENCES `sub_category` (`id`) ON DELETE SET NULL
) ENGINE=InnoDB AUTO_INCREMENT=67 DEFAULT CHARSET=utf8mb4 COLLATE=utf8mb4_0900_ai_ci COMMENT='果位/道统条目表';
/*!40101 SET character_set_client = @saved_cs_client */;

--
-- Dumping data for table `entity_item`
--

LOCK
TABLES `entity_item` WRITE;
/*!40000 ALTER TABLE `entity_item` DISABLE KEYS */;
INSERT INTO `entity_item`
VALUES (1, 1, 1, NULL, '太阳', '阳', NULL, NULL, 1, '2026-05-02 13:13:35', '2026-05-02 13:13:35', NULL, 0),
       (2, 1, 1, NULL, '少阳', '阳', NULL, NULL, 2, '2026-05-02 13:13:35', '2026-05-02 13:13:35', NULL, 0),
       (3, 1, 1, NULL, '明阳', '阳', NULL, NULL, 3, '2026-05-02 13:13:35', '2026-05-02 13:13:35', NULL, 0),
       (4, 1, 1, NULL, '太阴', '阴', NULL, NULL, 4, '2026-05-02 13:13:35', '2026-05-02 13:13:35', NULL, 0),
       (5, 1, 1, NULL, '少阴', '阴', NULL, NULL, 5, '2026-05-02 13:13:35', '2026-05-02 13:13:35', NULL, 0),
       (6, 1, 1, NULL, '厥阴', '阴', NULL, NULL, 6, '2026-05-02 13:13:35', '2026-05-02 13:13:35', NULL, 0),
       (7, 1, 2, NULL, '兑金', '金', '金一大元上青性 / 申白兑金上酉性', NULL, 1, '2026-05-02 13:13:35',
        '2026-05-02 13:13:35', NULL, 0),
       (8, 1, 2, NULL, '庚金', '金', NULL, NULL, 2, '2026-05-02 13:13:35', '2026-05-02 13:13:35', NULL, 0),
       (9, 1, 2, NULL, '齐金', '金', '望秋容齐从匮性', NULL, 3, '2026-05-02 13:13:35', '2026-05-02 13:13:35', NULL, 0),
       (10, 1, 2, NULL, '逍金', '金', NULL, NULL, 4, '2026-05-02 13:13:35', '2026-05-02 13:13:35', NULL, 0),
       (11, 1, 2, NULL, '库金', '金', '悬藏不器道库性', NULL, 5, '2026-05-02 13:13:35', '2026-05-02 13:13:35', NULL, 0),
       (12, 1, 3, NULL, '正木', '木', '正卯巽木专位性', NULL, 1, '2026-05-02 13:13:35', '2026-05-02 13:13:35', NULL, 0),
       (13, 1, 3, NULL, '集木', '木', NULL, NULL, 2, '2026-05-02 13:13:35', '2026-05-02 13:13:35', NULL, 0),
       (14, 1, 3, NULL, '角木', '木', NULL, NULL, 3, '2026-05-02 13:13:35', '2026-05-02 13:13:35', NULL, 0),
       (15, 1, 3, NULL, '更木', '木', NULL, NULL, 4, '2026-05-02 13:13:35', '2026-05-02 13:13:35', NULL, 0),
       (16, 1, 3, NULL, '保木', '木', NULL, NULL, 5, '2026-05-02 13:13:35', '2026-05-02 13:13:35', NULL, 0),
       (17, 1, 4, NULL, '渌水', '水', '渌水午元符语性', NULL, 1, '2026-05-02 13:13:35', '2026-05-02 13:25:44', NULL, 0),
       (18, 1, 4, NULL, '府水', '水', NULL, '坎水夺去的【浩瀚海】', 2, '2026-05-02 13:13:35', '2026-05-02 13:13:35', NULL,
        0),
       (19, 1, 4, NULL, '坎水', '水', '甲子坎水千讷性 / 习险坎水行窾性', NULL, 3, '2026-05-02 13:13:35',
        '2026-05-02 13:13:35', NULL, 0),
       (20, 1, 4, NULL, '牝水', '水', '胎息大藏玄牝性', NULL, 4, '2026-05-02 13:13:35', '2026-05-02 13:13:35', NULL, 0),
       (21, 1, 4, NULL, '合水', '水', NULL, NULL, 5, '2026-05-02 13:13:35', '2026-05-02 13:13:35', NULL, 0),
       (22, 1, 5, NULL, '离火', '火', '冲离午元火阳性', NULL, 1, '2026-05-02 13:13:35', '2026-05-02 13:13:35', NULL, 0),
       (23, 1, 5, NULL, '真火', '火', NULL, NULL, 2, '2026-05-02 13:13:35', '2026-05-02 13:13:35', NULL, 0),
       (24, 1, 5, NULL, '并火', '火', NULL, NULL, 3, '2026-05-02 13:13:35', '2026-05-02 13:13:35', NULL, 0),
       (25, 1, 5, NULL, '灯火', '火', NULL, NULL, 4, '2026-05-02 13:13:35', '2026-05-02 13:13:35', NULL, 0),
       (26, 1, 5, NULL, '牡火', '火', NULL, NULL, 5, '2026-05-02 13:13:35', '2026-05-02 13:13:35', NULL, 0),
       (27, 1, 6, NULL, '戊土', '土', NULL, NULL, 1, '2026-05-02 13:13:35', '2026-05-02 13:13:35', NULL, 0),
       (28, 1, 6, NULL, '艮土', '土', NULL, NULL, 2, '2026-05-02 13:13:35', '2026-05-02 13:13:35', NULL, 0),
       (29, 1, 6, NULL, '宝土', '土', NULL, NULL, 3, '2026-05-02 13:13:35', '2026-05-02 13:13:35', NULL, 0),
       (30, 1, 6, NULL, '归土/稷土', '土', NULL, NULL, 4, '2026-05-02 13:13:35', '2026-05-02 13:13:35', NULL, 0),
       (31, 1, 6, NULL, '青宣', '土', '青宣神岳伏元性',
        ' 第6土。初伏仙君空证——\"借土而变\"，在五德\"土位\"的基础上通过\"宣土\"侧面证得。不仅凭空新增土德果位，还衍生出\"贵裔妖物\"影响天地生态。与所有土德果位互闰（可以转换），在三巫两祝中占据祝位。',
        5, '2026-05-02 13:13:35', '2026-05-02 15:48:23', NULL, 1),
       (32, 1, 7, NULL, '清炁', '炁', NULL, NULL, 1, '2026-05-02 13:13:35', '2026-05-02 13:13:35', NULL, 0),
       (33, 1, 7, NULL, '邃炁', '炁', '天成邃炁窣玄性', NULL, 2, '2026-05-02 13:13:35', '2026-05-02 13:13:35', NULL, 0),
       (34, 1, 7, NULL, '真炁', '炁', '天武真炁神煞性', NULL, 3, '2026-05-02 13:13:35', '2026-05-02 13:13:35', NULL, 0),
       (35, 1, 7, NULL, '紫炁', '炁', '天修紫炁仙元性', NULL, 4, '2026-05-02 13:13:35', '2026-05-02 13:13:35', NULL, 0),
       (36, 1, 7, NULL, '瑞炁', '炁', NULL, NULL, 5, '2026-05-02 13:13:35', '2026-05-02 13:13:35', NULL, 0),
       (37, 1, 7, NULL, '煞炁', '炁', NULL, NULL, 6, '2026-05-02 13:13:35', '2026-05-02 13:13:35', NULL, 0),
       (38, 1, 7, NULL, '华炁', '炁', NULL, NULL, 7, '2026-05-02 13:13:35', '2026-05-02 13:13:35', NULL, 0),
       (39, 1, 7, NULL, '谪炁', '炁', NULL, NULL, 8, '2026-05-02 13:13:35', '2026-05-02 13:13:35', NULL, 0),
       (40, 1, 7, NULL, '晞炁', '炁', NULL, NULL, 9, '2026-05-02 13:13:35', '2026-05-02 13:13:35', NULL, 0),
       (41, 1, 7, NULL, '寒炁', '炁', NULL, NULL, 10, '2026-05-02 13:13:35', '2026-05-02 13:13:35', NULL, 0),
       (42, 1, 7, NULL, '上仪', '炁', NULL, NULL, 11, '2026-05-02 13:13:35', '2026-05-02 13:13:35', NULL, 0),
       (43, 1, 7, NULL, '下仪', '炁', NULL, NULL, 12, '2026-05-02 13:13:35', '2026-05-02 13:13:35', NULL, 0),
       (44, 1, 8, NULL, '玄雷', '雷', NULL, NULL, 1, '2026-05-02 13:13:35', '2026-05-02 13:13:35', NULL, 0),
       (45, 1, 8, NULL, '霄雷', '雷', NULL, NULL, 2, '2026-05-02 13:13:35', '2026-05-02 13:13:35', NULL, 0),
       (46, 1, 8, NULL, '元雷', '雷', NULL, NULL, 3, '2026-05-02 13:13:35', '2026-05-02 13:13:35', NULL, 0),
       (47, 1, 9, 1, '上巫', '巫', '上巫荷血三九性', NULL, 1, '2026-05-02 13:13:35', '2026-05-02 13:13:35', NULL, 0),
       (48, 1, 9, 1, '玉真', '巫', '玉真六九合虚性', NULL, 2, '2026-05-02 13:13:35', '2026-05-02 13:13:35', NULL, 0),
       (49, 1, 9, 1, '并鸺', '巫', NULL, NULL, 3, '2026-05-02 13:13:35', '2026-05-02 13:13:35', NULL, 0),
       (50, 1, 9, 2, '衡祝', '祝', NULL, NULL, 1, '2026-05-02 13:13:35', '2026-05-02 13:13:35', NULL, 0),
       (51, 1, 9, 3, '全丹（元胎）', '素', NULL, NULL, 1, '2026-05-02 13:13:35', '2026-05-02 13:13:35', NULL, 0),
       (52, 1, 9, 3, '司天', '素', NULL, NULL, 2, '2026-05-02 13:13:35', '2026-05-02 13:13:35', NULL, 0),
       (53, 1, 9, 3, '修越', '素', NULL, NULL, 3, '2026-05-02 13:13:35', '2026-05-02 13:13:35', NULL, 0),
       (54, 1, 9, 3, '都卫', '素', NULL, NULL, 4, '2026-05-02 13:13:35', '2026-05-02 13:13:35', NULL, 0),
       (55, 1, 9, 3, '身夔', '素', NULL, NULL, 5, '2026-05-02 13:13:35', '2026-05-02 13:13:35', NULL, 0),
       (56, 1, 9, 4, '虹霞', '空证', '虹霞戊土衍光性',
        '第7土。借戊土空证的特殊果位——\"借天而成\"，将土与霞光结合形成全新领域。大部分下修不知虹霞是\"第7土\"。陆江仙本人亲眼见过虹霞仙人才明白。空证者几乎100%掌控自身果位，可舍果位而离去，自身依然强大。',
        1, '2026-05-02 13:13:35', '2026-05-02 15:48:23', NULL, 1),
       (57, 1, 9, 4, '剑道/长庚', '空证', NULL,
        '世界第一位剑仙空证出来的至极大位。纯度最高的空证——将\"剑\"之一道领悟到极致，生生在天地间\"斩\"出一条独一无二的剑道法则。独立于果位体系之外，超然于所有道统之上。空证者几乎100%掌控自身果位，不虞被外力夺走。剑意可越级斩杀——剑意是超越境界的存在。',
        2, '2026-05-02 13:13:35', '2026-05-02 15:48:23', NULL, 1),
       (58, 1, 9, 4, '血摩法书', '杂', NULL, NULL, 3, '2026-05-02 13:13:35', '2026-05-02 13:13:35', NULL, 0),
       (59, 1, 9, 4, '小室山', '杂', NULL, NULL, 4, '2026-05-02 13:13:35', '2026-05-02 13:13:35', NULL, 0);
/*!40000 ALTER TABLE `entity_item` ENABLE KEYS */;
UNLOCK
TABLES;

--
-- Table structure for table `faction`
--

DROP TABLE IF EXISTS `faction`;
/*!40101 SET @saved_cs_client     = @@character_set_client */;
/*!50503 SET character_set_client = utf8mb4 */;
CREATE TABLE `faction`
(
    `id`             bigint       NOT NULL AUTO_INCREMENT,
    `project_id`     bigint       NOT NULL,
    `name`           varchar(200) NOT NULL,
    `leader_name`    varchar(200) DEFAULT NULL COMMENT '首领名称',
    `highest_realm`  varchar(100) DEFAULT NULL COMMENT '最高境界',
    `territory`      varchar(500) DEFAULT NULL COMMENT '势力范围',
    `territory_type` varchar(100) DEFAULT NULL COMMENT '势力类型（仙族/宗门/国家/异族等）',
    `true_goal`      text COMMENT '真实目的',
    `description`    text,
    `color`          varchar(20)  DEFAULT NULL COMMENT '主题色',
    `sort_order`     int          DEFAULT '1',
    `created_at`     datetime     DEFAULT CURRENT_TIMESTAMP,
    `updated_at`     datetime     DEFAULT CURRENT_TIMESTAMP ON UPDATE CURRENT_TIMESTAMP,
    PRIMARY KEY (`id`),
    KEY              `idx_project` (`project_id`)
) ENGINE=InnoDB AUTO_INCREMENT=20 DEFAULT CHARSET=utf8mb4 COLLATE=utf8mb4_0900_ai_ci COMMENT='势力表';
/*!40101 SET character_set_client = @saved_cs_client */;

--
-- Dumping data for table `faction`
--

LOCK
TABLES `faction` WRITE;
/*!40000 ALTER TABLE `faction` DISABLE KEYS */;
INSERT INTO `faction`
VALUES (1, 1, '李家', '李周巍', '金丹', '江南地区', '仙族', '建立仙朝，对抗各方势力',
        '主角家族，从黎泾李家起步。四脉分立。', '#c9a96e', 1, '2026-05-02 12:58:49', '2026-05-02 12:58:49'),
       (2, 1, '落霞山', '落霞仙人（道胎）', '道胎（仙人）', '落霞山', '仙门',
        '明阳移主——推动李周巍求金丹，让正统继承人把李乾元踢下果位，彻底杀死李乾元、保住明阳正朔',
        '顶尖势力之一，拥有一位道胎（仙人）。历史上镇压李乾元使其不断转世。暗中操控李家世子求金进程。', '#9b6bc9', 2,
        '2026-05-02 12:58:49', '2026-05-02 19:34:08'),
       (3, 1, '阴司', '阴司仙人（道胎）', '道胎（仙人）', '阴司地界', '阴间势力', '把持谪炁果位，插手南北大战',
        '顶尖势力之一，拥有一位道胎（仙人）。把持谪炁果位不放，推举杨浞登真炁果位。', '#6b6b6b', 3, '2026-05-02 12:58:49',
        '2026-05-02 19:34:08'),
       (4, 1, '月华元府', '太阴真人', '紫府', '月华元府', '仙门', '太阳道统分支，洞华天是最终战利品',
        '太阳道统分支，主角前世老家。', '#e8c84a', 4, '2026-05-02 12:58:49', '2026-05-02 12:58:49'),
       (5, 1, '青池宗', '杜青真君', '金丹', '青池', '宗门', '表面支持李家，实则另有图谋', '渌水杜青真君所创。', '#4a9ec9',
        5, '2026-05-02 12:58:49', '2026-05-02 12:58:49'),
       (6, 1, '修越宗', '太越真君', '金丹', '修越', '宗门', '封山伺机，想偷盗洞华天宝物', '太越真君所创，修战争果位。',
        '#c94a4a', 6, '2026-05-02 12:58:49', '2026-05-02 12:58:49'),
       (7, 1, '释修势力', '苏悉空', '道胎', '北方七相', '异族势力', '南下扩张', '北方七相体系，掌握华炁道统。', '#c99e6b',
        7, '2026-05-02 12:58:49', '2026-05-02 12:58:49'),
       (8, 1, '紫烟门', '太栩真君', '金丹', '紫烟', '宗门', '维护自身利益', '紫炁道统。太栩真君已故。', '#9b6bc9', 8,
        '2026-05-02 12:58:49', '2026-05-02 12:58:49'),
       (9, 1, '剑门', '太昱真君', '金丹', '剑门', '仙门', '太昱真君', '剑道势力。剑门太昱已战死。', '#6b8ec9', 9,
        '2026-05-02 12:58:49', '2026-05-02 13:00:16'),
       (10, 1, '长怀山', '上元真君', '金丹', '长怀山', '宗门', '维护自身利益', '上元真君新近证道。', '#8bc9a6', 10,
        '2026-05-02 12:58:49', '2026-05-02 12:58:49'),
       (11, 1, '郁家', NULL, '筑基', '江南', '仙族', '与李家世仇', '李通崖剑斩郁家筑基形成世仇。', '#8b8b8b', 11,
        '2026-05-02 12:58:49', '2026-05-02 12:58:49'),
       (12, 1, '山越', '端木奎', '紫府', '山越腹地', '蛮族', '端木奎证金失败，山越被四分五裂', '山越势力，蛮子骨在此。',
        '#6b5b4b', 12, '2026-05-02 12:58:49', '2026-05-02 13:00:16'),
       (13, 1, '龙属', '合水龙君', '金丹（巅峰）', '四海', '异族', '抢夺真炁果位，使龙族完成终极进化（真龙）',
        '版本最强种族。合水龙君坐镇（金丹巅峰），真螭羽蛇等古老龙属辅佐。正暗中筹备天下大乱，等时机成熟夺取真炁果位以完成终极进化。',
        '#2b6be0', 13, '2026-05-02 12:58:49', '2026-05-02 19:34:18'),
       (14, 1, '金羽宗', '太元真君', '金丹', '江南', '宗门', '太元真君张元禹建立的宗门，核心是洞天中的张家', '海外势力。',
        '#c9c96b', 14, '2026-05-02 12:58:49', '2026-05-02 13:02:47'),
       (15, 1, '萧家', '萧初庭', '紫府', '海外', '仙族', '萧初庭真人证道前将家族迁至海外', '李家姻亲。', '#8b8bc9', 15,
        '2026-05-02 12:58:49', '2026-05-02 13:02:47'),
       (16, 1, '齐国', '齐帝石苌', '金丹', '齐国', '国家', '天克明阳，维护自身霸权', '齐帝石苌证晞炁果位。', '#d4a84b',
        16, '2026-05-02 12:58:49', '2026-05-02 12:58:49'),
       (17, 1, '雷宫', NULL, '金丹', '北海', '仙门', NULL,
        '主掌玄雷果位的仙门势力。曾被社稷势力联合攻打而覆灭。玄雷余位真君被王蕃临阵倒戈绞杀。', '#4a8bc9', 17,
        '2026-05-02 19:06:15', '2026-05-02 19:06:15'),
       (18, 1, '北海桓氏', NULL, NULL, '北海', '门阀', NULL,
        '北海门阀。王蕃童年因桓家降雪差点冻死，对门阀体制充满仇恨，后参与覆灭雷宫。', '#8b6b6b', 18, '2026-05-02 19:06:15',
        '2026-05-02 19:06:15'),
       (19, 1, '龙虎台', '素京真君', '金丹', '龙虎台', '仙门', NULL, '全丹果位势力。素京真君娶王毓（王蕃之妹）。',
        '#c94a8b', 19, '2026-05-02 19:06:15', '2026-05-02 19:06:15');
/*!40000 ALTER TABLE `faction` ENABLE KEYS */;
UNLOCK
TABLES;

--
-- Table structure for table `faction_relation`
--

DROP TABLE IF EXISTS `faction_relation`;
/*!40101 SET @saved_cs_client     = @@character_set_client */;
/*!50503 SET character_set_client = utf8mb4 */;
CREATE TABLE `faction_relation`
(
    `id`                bigint      NOT NULL AUTO_INCREMENT,
    `source_faction_id` bigint      NOT NULL,
    `target_faction_id` bigint      NOT NULL,
    `relation_type`     varchar(30) NOT NULL COMMENT 'alliance/enemy/monitor/puppet/neutral',
    `description`       text,
    `created_at`        datetime DEFAULT CURRENT_TIMESTAMP,
    `updated_at`        datetime DEFAULT CURRENT_TIMESTAMP ON UPDATE CURRENT_TIMESTAMP,
    PRIMARY KEY (`id`),
    KEY                 `idx_source` (`source_faction_id`),
    KEY                 `idx_target` (`target_faction_id`),
    KEY                 `idx_faction_relation_source` (`source_faction_id`),
    KEY                 `idx_faction_relation_target` (`target_faction_id`),
    CONSTRAINT `fk_frel_source` FOREIGN KEY (`source_faction_id`) REFERENCES `faction` (`id`) ON DELETE CASCADE,
    CONSTRAINT `fk_frel_target` FOREIGN KEY (`target_faction_id`) REFERENCES `faction` (`id`) ON DELETE CASCADE
) ENGINE=InnoDB AUTO_INCREMENT=62 DEFAULT CHARSET=utf8mb4 COLLATE=utf8mb4_0900_ai_ci COMMENT='势力关系表';
/*!40101 SET character_set_client = @saved_cs_client */;

--
-- Dumping data for table `faction_relation`
--

LOCK
TABLES `faction_relation` WRITE;
/*!40000 ALTER TABLE `faction_relation` DISABLE KEYS */;
INSERT INTO `faction_relation`
VALUES (41, 2, 1, 'monitor', '落霞山监控李家求金进展', '2026-05-02 12:58:49', '2026-05-02 18:44:21'),
       (42, 3, 5, 'monitor', '阴司监控渌水杜青动向', '2026-05-02 12:58:49', '2026-05-02 18:44:21'),
       (43, 1, 7, 'enemy', '南北大战核心对立方', '2026-05-02 12:58:49', '2026-05-02 18:44:21'),
       (44, 5, 1, 'alliance', '青池宗表面支持李家', '2026-05-02 12:58:49', '2026-05-02 18:44:21'),
       (45, 6, 2, 'alliance', '修越宗支持南北大战', '2026-05-02 12:58:49', '2026-05-02 18:44:21'),
       (46, 7, 3, 'enemy', '释修与阴司存在深层矛盾', '2026-05-02 12:58:49', '2026-05-02 18:44:21'),
       (47, 1, 4, 'heritage', '月华元府是李家前世的根源', '2026-05-02 12:58:49', '2026-05-02 18:44:21'),
       (48, 6, 1, 'enemy', '太越真君觊觎洞华天宝物', '2026-05-02 12:58:49', '2026-05-02 18:44:21'),
       (49, 1, 9, 'alliance', '李家与剑门曾有合作', '2026-05-02 12:58:49', '2026-05-02 18:44:21'),
       (50, 1, 15, 'alliance', '萧家是李家姻亲', '2026-05-02 12:58:49', '2026-05-02 18:44:21'),
       (51, 13, 1, 'neutral', '龙属与李家互相利用', '2026-05-02 12:58:49', '2026-05-02 18:44:21'),
       (52, 10, 5, 'enemy', '上元真君与杜青有深仇大恨', '2026-05-02 12:58:49', '2026-05-02 18:44:21'),
       (53, 2, 16, 'alliance', '落霞山与齐国有共同目标', '2026-05-02 12:58:49', '2026-05-02 18:44:21'),
       (54, 1, 12, 'enemy', '山越曾杀害李项平', '2026-05-02 12:58:49', '2026-05-02 18:44:21'),
       (55, 1, 11, 'enemy', '郁家与李家世仇', '2026-05-02 12:58:49', '2026-05-02 18:44:21'),
       (57, 5, 11, 'enemy', '青池宗与郁家世代不和', '2026-05-02 19:06:15', '2026-05-02 19:06:15'),
       (58, 7, 1, 'enemy', '释修七道与江南道统爆发平明津仙魔大战', '2026-05-02 19:06:15', '2026-05-02 19:06:15'),
       (59, 17, 18, 'enemy', '北海桓氏被王蕃仇恨，雷宫覆灭战中成打击对象', '2026-05-02 19:06:15', '2026-05-02 19:06:15'),
       (60, 19, 17, 'enemy', '龙虎台素京真君参与雷宫覆灭战', '2026-05-02 19:06:15', '2026-05-02 19:06:15'),
       (61, 2, 1, 'monitor', '落霞山镇压李乾元，推动明阳移主。表面支持李周巍求金丹，实则让正统继承人把李乾元踢下果位。',
        '2026-05-02 19:07:53', '2026-05-02 19:07:53');
/*!40000 ALTER TABLE `faction_relation` ENABLE KEYS */;
UNLOCK
TABLES;

--
-- Table structure for table `item_tag`
--

DROP TABLE IF EXISTS `item_tag`;
/*!40101 SET @saved_cs_client     = @@character_set_client */;
/*!50503 SET character_set_client = utf8mb4 */;
CREATE TABLE `item_tag`
(
    `id`             bigint       NOT NULL AUTO_INCREMENT,
    `entity_item_id` bigint       NOT NULL,
    `name`           varchar(200) NOT NULL COMMENT '标签名称',
    `is_substitute`  tinyint(1) DEFAULT '0' COMMENT '是否为替参',
    `sort_order`     int      DEFAULT '1',
    `created_at`     datetime DEFAULT CURRENT_TIMESTAMP,
    `updated_at`     datetime DEFAULT CURRENT_TIMESTAMP ON UPDATE CURRENT_TIMESTAMP,
    PRIMARY KEY (`id`),
    KEY              `idx_item` (`entity_item_id`),
    KEY              `idx_tag_item` (`entity_item_id`),
    CONSTRAINT `fk_tag_item` FOREIGN KEY (`entity_item_id`) REFERENCES `entity_item` (`id`) ON DELETE CASCADE
) ENGINE=InnoDB AUTO_INCREMENT=417 DEFAULT CHARSET=utf8mb4 COLLATE=utf8mb4_0900_ai_ci COMMENT='仙基/神通标签表';
/*!40101 SET character_set_client = @saved_cs_client */;

--
-- Dumping data for table `item_tag`
--

LOCK
TABLES `item_tag` WRITE;
/*!40000 ALTER TABLE `item_tag` DISABLE KEYS */;
INSERT INTO `item_tag`
VALUES (206, 1, '视天统', 0, 1, '2026-05-02 13:13:35', '2026-05-02 18:45:50'),
       (207, 1, '分阳钗', 0, 2, '2026-05-02 13:13:35', '2026-05-02 18:45:50'),
       (208, 2, '邪绝求', 0, 1, '2026-05-02 13:13:35', '2026-05-02 18:45:50'),
       (209, 2, '奉东君', 0, 2, '2026-05-02 13:13:35', '2026-05-02 18:45:50'),
       (210, 2, '目骋怀', 0, 3, '2026-05-02 13:13:35', '2026-05-02 18:45:50'),
       (211, 2, '相诀观', 0, 4, '2026-05-02 13:13:35', '2026-05-02 18:45:50'),
       (212, 3, '谒天门', 1, 1, '2026-05-02 13:13:35', '2026-05-02 18:45:50'),
       (213, 3, '赤断镞', 0, 2, '2026-05-02 13:13:35', '2026-05-02 18:45:50'),
       (214, 3, '君蹈危', 0, 3, '2026-05-02 13:13:35', '2026-05-02 18:45:50'),
       (215, 3, '帝观元', 1, 4, '2026-05-02 13:13:35', '2026-05-02 18:45:50'),
       (216, 3, '天下明/昭澈心', 0, 5, '2026-05-02 13:13:35', '2026-05-02 18:45:50'),
       (217, 4, '湖月秋', 0, 1, '2026-05-02 13:13:35', '2026-05-02 18:45:50'),
       (218, 4, '仪对影', 0, 2, '2026-05-02 13:13:35', '2026-05-02 18:45:50'),
       (219, 4, '结璘章', 0, 3, '2026-05-02 13:13:35', '2026-05-02 18:45:50'),
       (220, 4, '夜光府', 0, 4, '2026-05-02 13:13:35', '2026-05-02 18:45:50'),
       (221, 4, '诣太素', 0, 5, '2026-05-02 13:13:35', '2026-05-02 18:45:50'),
       (222, 4, '再圆阙', 1, 6, '2026-05-02 13:13:35', '2026-05-02 18:45:50'),
       (223, 4, '惊鹊乡', 1, 7, '2026-05-02 13:13:35', '2026-05-02 18:45:50'),
       (224, 4, '授玄珠', 1, 8, '2026-05-02 13:13:35', '2026-05-02 18:45:50'),
       (225, 4, '不胜寒', 1, 9, '2026-05-02 13:13:35', '2026-05-02 18:45:50'),
       (226, 5, '香俱沉', 0, 1, '2026-05-02 13:13:35', '2026-05-02 18:45:50'),
       (227, 5, '太冲观', 0, 2, '2026-05-02 13:13:35', '2026-05-02 18:45:50'),
       (228, 5, '调杼柚', 0, 3, '2026-05-02 13:13:35', '2026-05-02 18:45:50'),
       (229, 6, '参疑室', 0, 1, '2026-05-02 13:13:35', '2026-05-02 18:45:50'),
       (230, 6, '不紫衣/掩蔽服', 0, 2, '2026-05-02 13:13:35', '2026-05-02 18:45:50'),
       (231, 6, '不二舆', 0, 3, '2026-05-02 13:13:35', '2026-05-02 18:45:50'),
       (232, 7, '金窍心', 0, 1, '2026-05-02 13:13:36', '2026-05-02 18:45:50'),
       (233, 7, '位从孚/请两忘', 0, 2, '2026-05-02 13:13:36', '2026-05-02 18:45:50'),
       (234, 7, '君兑隅', 0, 3, '2026-05-02 13:13:36', '2026-05-02 18:45:50'),
       (235, 7, '不穷锋', 0, 4, '2026-05-02 13:13:36', '2026-05-02 18:45:50'),
       (236, 7, '杀收宫', 0, 5, '2026-05-02 13:13:36', '2026-05-02 18:45:50'),
       (237, 7, '墓门棘', 1, 6, '2026-05-02 13:13:36', '2026-05-02 18:45:50'),
       (238, 8, '镂金石/金兽羽', 0, 1, '2026-05-02 13:13:36', '2026-05-02 18:45:50'),
       (239, 8, '天金胄', 0, 2, '2026-05-02 13:13:36', '2026-05-02 18:45:50'),
       (240, 8, '再折毁', 0, 3, '2026-05-02 13:13:36', '2026-05-02 18:45:50'),
       (241, 8, '今去故', 0, 4, '2026-05-02 13:13:36', '2026-05-02 18:45:50'),
       (242, 9, '天齐满', 0, 1, '2026-05-02 13:13:36', '2026-05-02 18:45:50'),
       (243, 10, '望商锋', 0, 1, '2026-05-02 13:13:36', '2026-05-02 18:45:50'),
       (244, 10, '逍遥游', 0, 2, '2026-05-02 13:13:36', '2026-05-02 18:45:50'),
       (245, 11, '豁梁银', 0, 1, '2026-05-02 13:13:36', '2026-05-02 18:45:50'),
       (246, 11, '金销洞', 0, 2, '2026-05-02 13:13:36', '2026-05-02 18:45:50'),
       (247, 12, '背南行', 0, 1, '2026-05-02 13:13:36', '2026-05-02 18:45:50'),
       (248, 12, '位从专', 0, 2, '2026-05-02 13:13:36', '2026-05-02 18:45:50'),
       (249, 12, '见查语', 0, 3, '2026-05-02 13:13:36', '2026-05-02 18:45:50'),
       (250, 12, '木成方', 0, 4, '2026-05-02 13:13:36', '2026-05-02 18:45:50'),
       (251, 13, '隼就栖', 0, 1, '2026-05-02 13:13:36', '2026-05-02 18:45:50'),
       (252, 13, '凌云木', 0, 2, '2026-05-02 13:13:36', '2026-05-02 18:45:50'),
       (253, 13, '定元春', 0, 3, '2026-05-02 13:13:36', '2026-05-02 18:45:50'),
       (254, 13, '祸延生', 0, 4, '2026-05-02 13:13:36', '2026-05-02 18:45:50'),
       (255, 13, '诸蓼会', 0, 5, '2026-05-02 13:13:36', '2026-05-02 18:45:50'),
       (256, 13, '妄诞林', 0, 6, '2026-05-02 13:13:36', '2026-05-02 18:45:50'),
       (257, 14, '潇重林', 0, 1, '2026-05-02 13:13:36', '2026-05-02 18:45:50'),
       (258, 14, '余养性', 0, 2, '2026-05-02 13:13:36', '2026-05-02 18:45:50'),
       (259, 14, '乙木全', 0, 3, '2026-05-02 13:13:36', '2026-05-02 18:45:50'),
       (260, 14, '朱丹参', 0, 4, '2026-05-02 13:13:36', '2026-05-02 18:45:50'),
       (261, 14, '木凭春', 0, 5, '2026-05-02 13:13:36', '2026-05-02 18:45:50'),
       (262, 14, '黎运春', 0, 6, '2026-05-02 13:13:36', '2026-05-02 18:45:50'),
       (263, 15, '病前春', 0, 1, '2026-05-02 13:13:36', '2026-05-02 18:45:50'),
       (264, 16, '神在隰', 0, 1, '2026-05-02 13:13:36', '2026-05-02 18:45:50'),
       (265, 17, '洞泉声', 0, 1, '2026-05-02 13:13:36', '2026-05-02 18:45:50'),
       (266, 17, '如重浊', 0, 2, '2026-05-02 13:13:36', '2026-05-02 18:45:50'),
       (267, 17, '丑葵藏', 0, 3, '2026-05-02 13:13:36', '2026-05-02 18:45:50'),
       (268, 17, '清夕雨', 0, 4, '2026-05-02 13:13:36', '2026-05-02 18:45:50'),
       (269, 17, '洗劫露', 0, 5, '2026-05-02 13:13:36', '2026-05-02 18:45:50'),
       (270, 18, '朝寒雨', 0, 1, '2026-05-02 13:13:36', '2026-05-02 18:45:50'),
       (271, 18, '雾回阴', 0, 2, '2026-05-02 13:13:36', '2026-05-02 18:45:50'),
       (272, 18, '合黎渊', 0, 3, '2026-05-02 13:13:36', '2026-05-02 18:45:50'),
       (273, 18, '宿穷冬', 0, 4, '2026-05-02 13:13:36', '2026-05-02 18:45:50'),
       (274, 18, '广浚湖/养命蛟', 0, 5, '2026-05-02 13:13:36', '2026-05-02 18:45:50'),
       (275, 19, '浩瀚海/泾龙王', 0, 1, '2026-05-02 13:13:36', '2026-05-02 18:45:50'),
       (276, 19, '溪上翁', 0, 2, '2026-05-02 13:13:36', '2026-05-02 18:45:50'),
       (277, 19, '长云暗', 0, 3, '2026-05-02 13:13:36', '2026-05-02 18:45:50'),
       (278, 19, '据岭中/入坎窾', 0, 4, '2026-05-02 13:13:36', '2026-05-02 18:45:50'),
       (279, 19, '恨江去', 0, 5, '2026-05-02 13:13:36', '2026-05-02 18:45:50'),
       (280, 19, '位从险', 0, 6, '2026-05-02 13:13:36', '2026-05-02 18:45:50'),
       (281, 20, '倭无晨', 0, 1, '2026-05-02 13:13:36', '2026-05-02 18:45:50'),
       (282, 20, '往生泉', 0, 2, '2026-05-02 13:13:36', '2026-05-02 18:45:50'),
       (283, 20, '豁谷会', 0, 3, '2026-05-02 13:13:36', '2026-05-02 18:45:50'),
       (284, 20, '参玄臓', 0, 4, '2026-05-02 13:13:36', '2026-05-02 18:45:50'),
       (285, 21, '归流处', 0, 1, '2026-05-02 13:13:36', '2026-05-02 18:45:50'),
       (286, 21, '瀑在兹', 0, 2, '2026-05-02 13:13:36', '2026-05-02 18:45:50'),
       (287, 21, '诸合还', 0, 3, '2026-05-02 13:13:36', '2026-05-02 18:45:50'),
       (288, 21, '广准圣', 0, 4, '2026-05-02 13:13:36', '2026-05-02 18:45:50'),
       (289, 21, '妖渎河', 0, 5, '2026-05-02 13:13:36', '2026-05-02 18:45:50'),
       (290, 22, '大离书/望日述', 0, 1, '2026-05-02 13:13:36', '2026-05-02 18:45:50'),
       (291, 22, '九重櫻', 0, 2, '2026-05-02 13:13:36', '2026-05-02 18:45:50'),
       (292, 22, '位从罗', 0, 3, '2026-05-02 13:13:36', '2026-05-02 18:45:50'),
       (293, 22, '折焚尽', 0, 4, '2026-05-02 13:13:36', '2026-05-02 18:45:50'),
       (294, 22, '顺平征', 0, 5, '2026-05-02 13:13:36', '2026-05-02 18:45:50'),
       (295, 23, '雉离行', 0, 1, '2026-05-02 13:13:36', '2026-05-02 18:45:50'),
       (296, 23, '天兜火', 0, 2, '2026-05-02 13:13:36', '2026-05-02 18:45:50'),
       (297, 23, '冶命神', 0, 3, '2026-05-02 13:13:36', '2026-05-02 18:45:50'),
       (298, 24, '焰中乌', 0, 1, '2026-05-02 13:13:36', '2026-05-02 18:45:50'),
       (299, 24, '乌从欲', 0, 2, '2026-05-02 13:13:36', '2026-05-02 18:45:50'),
       (300, 24, '心期焚', 0, 3, '2026-05-02 13:13:36', '2026-05-02 18:45:50'),
       (301, 24, '兼险夺', 0, 4, '2026-05-02 13:13:36', '2026-05-02 18:45:50'),
       (302, 24, '至命除', 0, 5, '2026-05-02 13:13:36', '2026-05-02 18:45:50'),
       (303, 25, '白槁心', 0, 1, '2026-05-02 13:13:36', '2026-05-02 18:45:50'),
       (304, 25, '燔旧室/天下燠', 0, 2, '2026-05-02 13:13:36', '2026-05-02 18:45:50'),
       (305, 25, '布燥使', 0, 3, '2026-05-02 13:13:36', '2026-05-02 18:45:50'),
       (306, 25, '秉灯夏', 0, 4, '2026-05-02 13:13:36', '2026-05-02 18:45:50'),
       (307, 26, '牡煞火', 0, 1, '2026-05-02 13:13:36', '2026-05-02 18:45:50'),
       (308, 26, '韬无灾', 0, 2, '2026-05-02 13:13:36', '2026-05-02 18:45:50'),
       (309, 26, '高陵父', 0, 3, '2026-05-02 13:13:36', '2026-05-02 18:45:50'),
       (310, 26, '受灯龠', 0, 4, '2026-05-02 13:13:36', '2026-05-02 18:45:50'),
       (311, 27, '受抚顶', 0, 1, '2026-05-02 13:13:36', '2026-05-02 18:45:50'),
       (312, 27, '戊心岩', 0, 2, '2026-05-02 13:13:36', '2026-05-02 18:45:50'),
       (313, 27, '仙无漏', 0, 3, '2026-05-02 13:13:36', '2026-05-02 18:45:50'),
       (314, 28, '愚赶山', 0, 1, '2026-05-02 13:13:36', '2026-05-02 18:45:50'),
       (315, 28, '正源谷', 0, 2, '2026-05-02 13:13:36', '2026-05-02 18:45:50'),
       (316, 29, '藏纳宫', 0, 1, '2026-05-02 13:13:36', '2026-05-02 18:45:50'),
       (317, 29, '高奎燕', 0, 2, '2026-05-02 13:13:36', '2026-05-02 18:45:50'),
       (318, 29, '膏泽治', 0, 3, '2026-05-02 13:13:36', '2026-05-02 18:45:50'),
       (319, 30, '狡落原', 0, 1, '2026-05-02 13:13:36', '2026-05-02 18:45:50'),
       (320, 30, '麻命簋', 0, 2, '2026-05-02 13:13:36', '2026-05-02 18:45:50'),
       (321, 30, '有常主', 0, 3, '2026-05-02 13:13:36', '2026-05-02 18:45:50'),
       (322, 31, '玄羊子', 0, 1, '2026-05-02 13:13:36', '2026-05-02 18:45:50'),
       (323, 31, '伏青山', 0, 2, '2026-05-02 13:13:36', '2026-05-02 18:45:50'),
       (324, 31, '青宣岳', 0, 3, '2026-05-02 13:13:36', '2026-05-02 18:45:50'),
       (325, 31, '上岩神', 0, 4, '2026-05-02 13:13:36', '2026-05-02 18:45:50'),
       (326, 31, '观地冥', 1, 5, '2026-05-02 13:13:36', '2026-05-02 18:45:50'),
       (327, 32, '清元风', 0, 1, '2026-05-02 13:13:36', '2026-05-02 18:45:50'),
       (328, 32, '浮云身', 0, 2, '2026-05-02 13:13:36', '2026-05-02 18:45:50'),
       (329, 32, '空应散', 0, 3, '2026-05-02 13:13:36', '2026-05-02 18:45:50'),
       (330, 32, '炁临宇', 0, 4, '2026-05-02 13:13:36', '2026-05-02 18:45:50'),
       (331, 33, '代行妨', 0, 1, '2026-05-02 13:13:36', '2026-05-02 18:45:50'),
       (332, 33, '阘天殃', 0, 2, '2026-05-02 13:13:36', '2026-05-02 18:45:50'),
       (333, 34, '抱石眠', 0, 1, '2026-05-02 13:13:36', '2026-05-02 18:45:50'),
       (334, 34, '霞羽客', 0, 2, '2026-05-02 13:13:36', '2026-05-02 18:45:50'),
       (335, 34, '鹤挂衣', 0, 3, '2026-05-02 13:13:36', '2026-05-02 18:45:50'),
       (336, 34, '授长生', 0, 4, '2026-05-02 13:13:36', '2026-05-02 18:45:50'),
       (337, 35, '绕东山', 0, 1, '2026-05-02 13:13:36', '2026-05-02 18:45:50'),
       (338, 35, '列紫篇', 0, 2, '2026-05-02 13:13:36', '2026-05-02 18:45:50'),
       (339, 35, '道始兆', 0, 3, '2026-05-02 13:13:36', '2026-05-02 18:45:50'),
       (340, 35, '坤辰修', 0, 4, '2026-05-02 13:13:36', '2026-05-02 18:45:50'),
       (341, 35, '养生主', 0, 5, '2026-05-02 13:13:36', '2026-05-02 18:45:50'),
       (342, 35, '蕴宝瓶', 0, 6, '2026-05-02 13:13:36', '2026-05-02 18:45:50'),
       (343, 36, '瑞气云', 0, 1, '2026-05-02 13:13:36', '2026-05-02 18:45:50'),
       (344, 36, '好功篆', 0, 2, '2026-05-02 13:13:36', '2026-05-02 18:45:50'),
       (345, 37, '不空劫', 0, 1, '2026-05-02 13:13:36', '2026-05-02 18:45:50'),
       (346, 37, '罗刹海', 0, 2, '2026-05-02 13:13:36', '2026-05-02 18:45:50'),
       (347, 37, '笞恨口', 1, 3, '2026-05-02 13:13:36', '2026-05-02 18:45:50'),
       (348, 38, '冠灵旒', 0, 1, '2026-05-02 13:13:36', '2026-05-02 18:45:50'),
       (349, 40, '未阙华/焜煌复', 0, 1, '2026-05-02 13:13:36', '2026-05-02 18:45:50'),
       (350, 40, '乞代夜', 0, 2, '2026-05-02 13:13:36', '2026-05-02 18:45:50'),
       (351, 40, '郁熯苦', 0, 3, '2026-05-02 13:13:36', '2026-05-02 18:45:50'),
       (352, 40, '庆垂轩', 0, 4, '2026-05-02 13:13:36', '2026-05-02 18:45:50'),
       (353, 40, '议八辟', 0, 5, '2026-05-02 13:13:36', '2026-05-02 18:45:50'),
       (354, 41, '松上雪', 0, 1, '2026-05-02 13:13:36', '2026-05-02 18:45:50'),
       (355, 41, '入清听', 0, 2, '2026-05-02 13:13:36', '2026-05-02 18:45:50'),
       (356, 41, '沆砀满', 0, 3, '2026-05-02 13:13:36', '2026-05-02 18:45:50'),
       (357, 41, '祢水寒', 0, 4, '2026-05-02 13:13:36', '2026-05-02 18:45:50'),
       (358, 42, '明心筵', 0, 1, '2026-05-02 13:13:36', '2026-05-02 18:45:50'),
       (359, 42, '致缉熙', 0, 2, '2026-05-02 13:13:36', '2026-05-02 18:45:50'),
       (360, 42, '射狩王', 0, 3, '2026-05-02 13:13:36', '2026-05-02 18:45:50'),
       (361, 44, '天呜策', 0, 1, '2026-05-02 13:13:36', '2026-05-02 18:45:50'),
       (362, 44, '至阳嘘', 0, 2, '2026-05-02 13:13:36', '2026-05-02 18:45:50'),
       (363, 44, '靖平敕', 0, 3, '2026-05-02 13:13:36', '2026-05-02 18:45:50'),
       (364, 44, '律演危', 0, 4, '2026-05-02 13:13:36', '2026-05-02 18:45:50'),
       (365, 44, '伐封坛', 0, 5, '2026-05-02 13:13:36', '2026-05-02 18:45:50'),
       (366, 44, '神宫誓', 0, 6, '2026-05-02 13:13:36', '2026-05-02 18:45:50'),
       (367, 45, '冬雷声', 0, 1, '2026-05-02 13:13:36', '2026-05-02 18:45:50'),
       (368, 45, '春惊蛰', 0, 2, '2026-05-02 13:13:36', '2026-05-02 18:45:50'),
       (369, 45, '轻雷落', 0, 3, '2026-05-02 13:13:36', '2026-05-02 18:45:50'),
       (370, 45, '辎动紫', 1, 4, '2026-05-02 13:13:36', '2026-05-02 18:45:50'),
       (371, 46, '脱煞胎/主煞仪', 0, 1, '2026-05-02 13:13:36', '2026-05-02 18:45:50'),
       (372, 47, '勿查我', 0, 1, '2026-05-02 13:13:36', '2026-05-02 18:45:50'),
       (373, 47, '槐荫鬼/麋妨世', 0, 2, '2026-05-02 13:13:36', '2026-05-02 18:45:50'),
       (374, 47, '应帝王', 0, 3, '2026-05-02 13:13:36', '2026-05-02 18:45:50'),
       (375, 47, '饮民血', 0, 4, '2026-05-02 13:13:36', '2026-05-02 18:45:50'),
       (376, 47, '地巫祝', 0, 5, '2026-05-02 13:13:36', '2026-05-02 18:45:50'),
       (377, 47, '薄虞渊', 0, 6, '2026-05-02 13:13:36', '2026-05-02 18:45:50'),
       (378, 47, '藏壑舟', 0, 7, '2026-05-02 13:13:36', '2026-05-02 18:45:50'),
       (379, 48, '玉中人/玉庭将', 0, 1, '2026-05-02 13:13:36', '2026-05-02 18:45:50'),
       (380, 48, '白玉盘', 0, 2, '2026-05-02 13:13:36', '2026-05-02 18:45:50'),
       (381, 48, '青玉崖', 0, 3, '2026-05-02 13:13:36', '2026-05-02 18:45:50'),
       (382, 48, '问道锦', 0, 4, '2026-05-02 13:13:36', '2026-05-02 18:45:50'),
       (383, 48, '道合真', 1, 5, '2026-05-02 13:13:36', '2026-05-02 18:45:50'),
       (384, 49, '魌鬼阴', 0, 1, '2026-05-02 13:13:36', '2026-05-02 18:45:50'),
       (385, 49, '枭逐狸', 0, 2, '2026-05-02 13:13:36', '2026-05-02 18:45:50'),
       (386, 50, '殿阳虎', 0, 1, '2026-05-02 13:13:36', '2026-05-02 18:45:50'),
       (387, 50, '觕量灾', 0, 2, '2026-05-02 13:13:36', '2026-05-02 18:45:50'),
       (388, 50, '满垠煌', 0, 3, '2026-05-02 13:13:36', '2026-05-02 18:45:50'),
       (389, 51, '侯神殊', 0, 1, '2026-05-02 13:13:36', '2026-05-02 18:45:50'),
       (390, 51, '沤铅华', 0, 2, '2026-05-02 13:13:36', '2026-05-02 18:45:50'),
       (391, 51, '金书序', 0, 3, '2026-05-02 13:13:36', '2026-05-02 18:45:50'),
       (392, 51, '制养宜', 1, 4, '2026-05-02 13:13:36', '2026-05-02 18:45:50'),
       (393, 52, '神布序', 0, 1, '2026-05-02 13:13:36', '2026-05-02 18:45:50'),
       (394, 52, '斗衡玄/居南衡', 0, 2, '2026-05-02 13:13:36', '2026-05-02 18:45:50'),
       (395, 52, '听醒辰', 0, 3, '2026-05-02 13:13:36', '2026-05-02 18:45:50'),
       (396, 52, '推曼衍', 0, 4, '2026-05-02 13:13:36', '2026-05-02 18:45:50'),
       (397, 52, '监神律', 0, 5, '2026-05-02 13:13:36', '2026-05-02 18:45:50'),
       (398, 53, '形度歼', 0, 1, '2026-05-02 13:13:36', '2026-05-02 18:45:50'),
       (399, 53, '相离绝', 0, 2, '2026-05-02 13:13:36', '2026-05-02 18:45:50'),
       (400, 53, '僭劭勤', 0, 3, '2026-05-02 13:13:36', '2026-05-02 18:45:50'),
       (401, 54, '东羽山', 0, 1, '2026-05-02 13:13:36', '2026-05-02 18:45:50'),
       (402, 54, '南悯水', 0, 2, '2026-05-02 13:13:36', '2026-05-02 18:45:50'),
       (403, 54, '西天塬', 0, 3, '2026-05-02 13:13:36', '2026-05-02 18:45:50'),
       (404, 54, '北漠庭', 0, 4, '2026-05-02 13:13:36', '2026-05-02 18:45:50'),
       (405, 54, '降魂闻', 0, 5, '2026-05-02 13:13:36', '2026-05-02 18:45:50'),
       (406, 56, '长霞雾', 0, 1, '2026-05-02 13:13:36', '2026-05-02 18:45:50'),
       (407, 57, '养青冥', 0, 1, '2026-05-02 13:13:36', '2026-05-02 18:45:50'),
       (408, 57, '意堪身', 0, 2, '2026-05-02 13:13:36', '2026-05-02 18:45:50'),
       (409, 58, '梭摩岭', 0, 1, '2026-05-02 13:13:36', '2026-05-02 18:45:50'),
       (410, 59, '掩尘雾', 0, 1, '2026-05-02 13:13:36', '2026-05-02 18:45:50');
/*!40000 ALTER TABLE `item_tag` ENABLE KEYS */;
UNLOCK
TABLES;

--
-- Table structure for table `project`
--

DROP TABLE IF EXISTS `project`;
/*!40101 SET @saved_cs_client     = @@character_set_client */;
/*!50503 SET character_set_client = utf8mb4 */;
CREATE TABLE `project`
(
    `id`          bigint       NOT NULL AUTO_INCREMENT,
    `name`        varchar(200) NOT NULL COMMENT '项目名称',
    `author`      varchar(100) DEFAULT NULL COMMENT '作者',
    `description` text COMMENT '项目简介',
    `cover_url`   varchar(500) DEFAULT NULL COMMENT '封面URL',
    `genre`       varchar(100) DEFAULT NULL COMMENT '题材',
    `status`      varchar(20)  DEFAULT 'active' COMMENT '状态',
    `created_at`  datetime     DEFAULT CURRENT_TIMESTAMP,
    `updated_at`  datetime     DEFAULT CURRENT_TIMESTAMP ON UPDATE CURRENT_TIMESTAMP,
    PRIMARY KEY (`id`)
) ENGINE=InnoDB AUTO_INCREMENT=2 DEFAULT CHARSET=utf8mb4 COLLATE=utf8mb4_0900_ai_ci COMMENT='项目表';
/*!40101 SET character_set_client = @saved_cs_client */;

--
-- Dumping data for table `project`
--

LOCK
TABLES `project` WRITE;
/*!40000 ALTER TABLE `project` DISABLE KEYS */;
INSERT INTO `project`
VALUES (1, '玄鉴仙族', '季越人', '修仙家族流长篇小说。陆江仙残魂附铜镜，黎泾李家拾得，从此传仙道授仙法。', NULL,
        '仙侠·家族流', 'active', '2026-05-02 12:58:48', '2026-05-02 13:47:07');
/*!40000 ALTER TABLE `project` ENABLE KEYS */;
UNLOCK
TABLES;

--
-- Table structure for table `realm`
--

DROP TABLE IF EXISTS `realm`;
/*!40101 SET @saved_cs_client     = @@character_set_client */;
/*!50503 SET character_set_client = utf8mb4 */;
CREATE TABLE `realm`
(
    `id`                  bigint      NOT NULL AUTO_INCREMENT,
    `project_id`          bigint      NOT NULL,
    `name`                varchar(50) NOT NULL COMMENT '境界名称',
    `title`               varchar(100) DEFAULT NULL COMMENT '称号',
    `lifespan`            varchar(100) DEFAULT NULL COMMENT '寿命',
    `description`         text COMMENT '核心特征',
    `promotion_condition` text COMMENT '晋升条件',
    `is_critical_point`   tinyint(1) DEFAULT '0' COMMENT '是否关键分岔点',
    `sort_order`          int          DEFAULT '1',
    `created_at`          datetime     DEFAULT CURRENT_TIMESTAMP,
    `updated_at`          datetime     DEFAULT CURRENT_TIMESTAMP ON UPDATE CURRENT_TIMESTAMP,
    PRIMARY KEY (`id`),
    KEY                   `idx_project` (`project_id`)
) ENGINE=InnoDB AUTO_INCREMENT=8 DEFAULT CHARSET=utf8mb4 COLLATE=utf8mb4_0900_ai_ci COMMENT='境界表';
/*!40101 SET character_set_client = @saved_cs_client */;

--
-- Dumping data for table `realm`
--

LOCK
TABLES `realm` WRITE;
/*!40000 ALTER TABLE `realm` DISABLE KEYS */;
INSERT INTO `realm`
VALUES (1, 1, '胎息', '修士', '~120年', '修行第一步，需完成胎息六轮的凝聚。',
        '六轮圆满后，服用特定属性的\"天地灵气\"，才能踏入练气期。', 0, 1, '2026-05-02 12:58:48', '2026-05-02 12:58:48'),
       (2, 1, '练气', '炼气士', '~200年', '修仙事业的真正起点，同时也是分岔点。服用的灵气种类将决定后续道途。',
        '配合功法采气（正法采气最优）。吞服的灵气种类决定后续道途。', 1, 2, '2026-05-02 12:58:48', '2026-05-02 12:58:48'),
       (3, 1, '筑基', '台基修士', '~300年', '筑基成功后寿命、法力、肉身强度都显著提升。同参吞噬从此开始。',
        '将全身真元与所采灵气凝结为一道\"仙基\"。', 0, 3, '2026-05-02 12:58:48', '2026-05-02 12:58:48'),
       (4, 1, '紫府', '真人', '~500年', '长生命大跨越，修炼五道神通：命神通（领域）、术神通（输出）、身神通（防御）。',
        '修炼五道神通，可走正统路线或\"吃人丹\"捷径。', 0, 4, '2026-05-02 12:58:48', '2026-05-02 12:58:48'),
       (5, 1, '金丹', '真君/尊者', '近乎永生', '以五神通为柴火烧炼出金性，用金性吸引天地果位。求金=给果位\"演绎故事\"。',
        '凝聚金性→吸引果位→坐上果位。果位只有一个，在位者占据。', 0, 5, '2026-05-02 12:58:48', '2026-05-02 12:58:48'),
       (6, 1, '道胎（仙人）', '仙人', '不朽',
        '凡人修仙的终极目标之一。必须亲自完全掌控正位果位方可踏足。道胎即仙人，是真正踏入仙道的标志。已知道胎：落霞山一位、阴司一位、盈仄仙君、少阳魔君。等级绝对压制：道胎 > 果位真君(金丹) > 真人(紫府) > 筑基。',
        '必须亲自完全掌控一个正位果位。余位或闰位空间太小，通常需要直接占据正位果位。', 0, 6, '2026-05-02 12:58:48',
        '2026-05-02 19:34:08'),
       (7, 1, '仙君（金仙）', '仙君', '永恒不朽',
        '道胎之上的独立境界。仙君即金仙，是修仙体系的真正顶端。金丹修士可以捏出顶配紫府，仙君也完全可以捏出顶配道胎。已知仙君仅有陆江仙一位。',
        '在完全掌控正位果位的基础上，超越现有\"道\"的框架，或继续掌控更多果位以提升实力。', 1, 7, '2026-05-02 19:34:08',
        '2026-05-02 19:39:38');
/*!40000 ALTER TABLE `realm` ENABLE KEYS */;
UNLOCK
TABLES;

--
-- Table structure for table `realm_stage`
--

DROP TABLE IF EXISTS `realm_stage`;
/*!40101 SET @saved_cs_client     = @@character_set_client */;
/*!50503 SET character_set_client = utf8mb4 */;
CREATE TABLE `realm_stage`
(
    `id`          bigint       NOT NULL AUTO_INCREMENT,
    `realm_id`    bigint       NOT NULL,
    `name`        varchar(200) NOT NULL COMMENT '子阶段名称',
    `description` text COMMENT '描述',
    `is_critical` tinyint(1) DEFAULT '0' COMMENT '是否关键节点',
    `sort_order`  int      DEFAULT '1',
    `created_at`  datetime DEFAULT CURRENT_TIMESTAMP,
    PRIMARY KEY (`id`),
    KEY           `idx_realm` (`realm_id`)
) ENGINE=InnoDB AUTO_INCREMENT=47 DEFAULT CHARSET=utf8mb4 COLLATE=utf8mb4_0900_ai_ci COMMENT='境界子阶段表';
/*!40101 SET character_set_client = @saved_cs_client */;

--
-- Dumping data for table `realm_stage`
--

LOCK
TABLES `realm_stage` WRITE;
/*!40000 ALTER TABLE `realm_stage` DISABLE KEYS */;
INSERT INTO `realm_stage`
VALUES (24, 1, '玄景轮', '入门基础', 0, 1, '2026-05-02 12:58:48'),
       (25, 1, '承明轮', '法力增强', 0, 2, '2026-05-02 12:58:48'),
       (26, 1, '周行轮', '气息稳固', 0, 3, '2026-05-02 12:58:48'),
       (27, 1, '青元轮', '修为深化', 0, 4, '2026-05-02 12:58:48'),
       (28, 1, '玉京轮', '位于升阳府，可显化神识，使用储物袋等法器', 1, 5, '2026-05-02 12:58:48'),
       (29, 1, '灵初轮', '可接引天地灵气入体，为踏入练气期做准备', 1, 6, '2026-05-02 12:58:48'),
       (30, 2, '练气一层至三层', '初期修炼，法力微薄', 0, 1, '2026-05-02 12:58:48'),
       (31, 2, '练气四层至六层', '中期积累，道途初现', 0, 2, '2026-05-02 12:58:48'),
       (32, 2, '练气七层至九层', '后期冲刺，采气定道途', 1, 3, '2026-05-02 12:58:48'),
       (33, 3, '筑基初期', '仙基初凝，根基未稳', 0, 1, '2026-05-02 12:58:48'),
       (34, 3, '筑基中期', '仙基稳固，战力初显', 0, 2, '2026-05-02 12:58:48'),
       (35, 3, '筑基后期', '法力精纯，可镇守一方', 0, 3, '2026-05-02 12:58:48'),
       (36, 3, '筑基圆满', '仙基大成，突破紫府的前置条件', 1, 4, '2026-05-02 12:58:48'),
       (37, 4, '命神通', '影响范围、操控环境。领域压制、惑心改念、推演预判', 0, 1, '2026-05-02 12:58:48'),
       (38, 4, '术神通', '直接破坏、贯穿杀伤。输出主力，斗法核心', 0, 2, '2026-05-02 12:58:48'),
       (39, 4, '身神通', '肉身改造、生命力加持', 0, 3, '2026-05-02 12:58:48'),
       (40, 4, '惑心', '不知不觉改变他人的想法和行为', 1, 4, '2026-05-02 12:58:48'),
       (41, 4, '推演预判', '提前布局，预知因果走向', 1, 5, '2026-05-02 12:58:48'),
       (42, 5, '凝聚金性', '五神通烧炼，炼化出自身\"金性\"（不朽不坏，与命数一体）', 1, 1, '2026-05-02 12:58:48'),
       (43, 5, '吸引果位', '用金性吸引天地果位，给果位\"演绎故事\"', 1, 2, '2026-05-02 12:58:48'),
       (44, 5, '坐上果位', '果位只有一个，在位者占据，新人需等待或争夺', 1, 3, '2026-05-02 12:58:48'),
       (45, 6, '掌控正位果位', '必须掌控一个正位果位。余位或闰位空间不足', 1, 1, '2026-05-02 12:58:48'),
       (46, 6, '仙君', '道胎中的顶尖存在，可继续掌控更多果位', 1, 2, '2026-05-02 12:58:48');
/*!40000 ALTER TABLE `realm_stage` ENABLE KEYS */;
UNLOCK
TABLES;

--
-- Table structure for table `sub_category`
--

DROP TABLE IF EXISTS `sub_category`;
/*!40101 SET @saved_cs_client     = @@character_set_client */;
/*!50503 SET character_set_client = utf8mb4 */;
CREATE TABLE `sub_category`
(
    `id`          bigint       NOT NULL AUTO_INCREMENT,
    `category_id` bigint       NOT NULL,
    `name`        varchar(100) NOT NULL COMMENT '子分类名称',
    `sort_order`  int      DEFAULT '1',
    `created_at`  datetime DEFAULT CURRENT_TIMESTAMP,
    PRIMARY KEY (`id`),
    KEY           `idx_category` (`category_id`)
) ENGINE=InnoDB AUTO_INCREMENT=5 DEFAULT CHARSET=utf8mb4 COLLATE=utf8mb4_0900_ai_ci COMMENT='子分类表';
/*!40101 SET character_set_client = @saved_cs_client */;

--
-- Dumping data for table `sub_category`
--

LOCK
TABLES `sub_category` WRITE;
/*!40000 ALTER TABLE `sub_category` DISABLE KEYS */;
INSERT INTO `sub_category`
VALUES (1, 9, '三巫', 1, '2026-05-02 13:13:35'),
       (2, 9, '二祝', 2, '2026-05-02 13:13:35'),
       (3, 9, '素德其余', 3, '2026-05-02 13:13:35'),
       (4, 9, '其他', 4, '2026-05-02 13:13:35');
/*!40000 ALTER TABLE `sub_category` ENABLE KEYS */;
UNLOCK
TABLES;

--
-- Table structure for table `tag_relation`
--

DROP TABLE IF EXISTS `tag_relation`;
/*!40101 SET @saved_cs_client     = @@character_set_client */;
/*!50503 SET character_set_client = utf8mb4 */;
CREATE TABLE `tag_relation`
(
    `id`            bigint NOT NULL AUTO_INCREMENT,
    `source_tag_id` bigint NOT NULL,
    `target_tag_id` bigint       DEFAULT NULL,
    `target_name`   varchar(200) DEFAULT NULL COMMENT '目标名称（目标不存在时存名称）',
    `relation_type` varchar(20)  DEFAULT 'substitute' COMMENT '关系类型',
    `notes`         text,
    `created_at`    datetime     DEFAULT CURRENT_TIMESTAMP,
    `updated_at`    datetime     DEFAULT CURRENT_TIMESTAMP ON UPDATE CURRENT_TIMESTAMP,
    PRIMARY KEY (`id`),
    KEY             `idx_source` (`source_tag_id`)
) ENGINE=InnoDB AUTO_INCREMENT=16 DEFAULT CHARSET=utf8mb4 COLLATE=utf8mb4_0900_ai_ci COMMENT='标签替换关系表';
/*!40101 SET character_set_client = @saved_cs_client */;

--
-- Dumping data for table `tag_relation`
--

LOCK
TABLES `tag_relation` WRITE;
/*!40000 ALTER TABLE `tag_relation` DISABLE KEYS */;
INSERT INTO `tag_relation`
VALUES (9, 212, NULL, '煌元关', 'substitute', '谒天门→煌元关', '2026-05-02 18:48:22', '2026-05-02 18:48:22'),
       (10, 215, NULL, '长明阶', 'substitute', '帝观元→长明阶', '2026-05-02 18:48:22', '2026-05-02 18:48:22'),
       (11, 326, NULL, '下阳元', 'substitute', '观地冥→下阳元', '2026-05-02 18:48:22', '2026-05-02 18:48:22'),
       (12, 370, NULL, '玄雷泊', 'substitute', '辎动紫→玄雷泊', '2026-05-02 18:48:22', '2026-05-02 18:48:22'),
       (13, 392, NULL, '秘白汞', 'substitute', '制养宜→秘白汞', '2026-05-02 18:48:22', '2026-05-02 18:48:22'),
       (14, 383, NULL, '庭中卫', 'substitute', '道合真→庭中卫', '2026-05-02 18:48:22', '2026-05-02 18:48:22'),
       (15, 347, NULL, '千百身', 'substitute', '笞恨口→千百身', '2026-05-02 18:48:22', '2026-05-02 18:48:22');
/*!40000 ALTER TABLE `tag_relation` ENABLE KEYS */;
UNLOCK
TABLES;

--
-- Table structure for table `technique`
--

DROP TABLE IF EXISTS `technique`;
/*!40101 SET @saved_cs_client     = @@character_set_client */;
/*!50503 SET character_set_client = utf8mb4 */;
CREATE TABLE `technique`
(
    `id`                 bigint       NOT NULL AUTO_INCREMENT,
    `project_id`         bigint       NOT NULL,
    `name`               varchar(200) NOT NULL,
    `grade`              varchar(20)  DEFAULT NULL COMMENT '品级：六品最高~四品最低',
    `category`           varchar(100) DEFAULT NULL COMMENT '所属果位/道统',
    `related_foundation` varchar(200) DEFAULT NULL COMMENT '对应仙基',
    `related_ability`    varchar(200) DEFAULT NULL COMMENT '对应神通',
    `known_users`        varchar(500) DEFAULT NULL COMMENT '已知修炼者',
    `description`        text,
    `created_at`         datetime     DEFAULT CURRENT_TIMESTAMP,
    `updated_at`         datetime     DEFAULT CURRENT_TIMESTAMP ON UPDATE CURRENT_TIMESTAMP,
    PRIMARY KEY (`id`),
    KEY                  `idx_project` (`project_id`)
) ENGINE=InnoDB AUTO_INCREMENT=58 DEFAULT CHARSET=utf8mb4 COLLATE=utf8mb4_0900_ai_ci COMMENT='功法表';
/*!40101 SET character_set_client = @saved_cs_client */;

--
-- Dumping data for table `technique`
--

LOCK
TABLES `technique` WRITE;
/*!40000 ALTER TABLE `technique` DISABLE KEYS */;
INSERT INTO `technique`
VALUES (1, 1, '《明华煌元经》', NULL, '明阳', '谒天门等', '谒天门·赤断镞·君蹈危·帝观元·天下明', '李乾元·李周巍',
        '明阳道统金丹功法，李家核心功法。战力强大，配合明阳的霸道特性，建立仙朝。', '2026-05-02 14:00:54',
        '2026-05-02 14:00:54'),
       (2, 1, '《万乘诛光帝书》', NULL, '明阳', NULL, NULL, NULL, '明阳道统金丹功法之一。', '2026-05-02 14:00:54',
        '2026-05-02 14:00:54'),
       (3, 1, '《身镇虎关宝经》', NULL, '明阳', NULL, NULL, NULL, '明阳道统金丹功法之一。', '2026-05-02 14:00:54',
        '2026-05-02 14:00:54'),
       (4, 1, '《君察昭心经》', NULL, '明阳', NULL, NULL, NULL, '明阳道统金丹功法之一。', '2026-05-02 14:00:54',
        '2026-05-02 14:00:54'),
       (5, 1, '《上府明谒经》', NULL, '明阳', NULL, NULL, NULL, '明阳道统金丹功法之一。', '2026-05-02 14:00:54',
        '2026-05-02 14:00:54'),
       (6, 1, '《天离日昃经》', '六品', '离火', '大离书·九重擭', '位从罗·折焚尽·顺平征', NULL,
        '离火正位金丹功法。六品，极高品级。', '2026-05-02 14:00:54', '2026-05-02 14:00:54'),
       (7, 1, '《重光火明经》', NULL, '离火', NULL, NULL, NULL, '离火道统功法。', '2026-05-02 14:00:54',
        '2026-05-02 14:00:54'),
       (8, 1, '《天须锃金经》', '五品', '庚金', '镂金石', NULL, NULL, '庚金道统专用功法。五品。', '2026-05-02 14:00:54',
        '2026-05-02 14:00:54'),
       (9, 1, '《江河大陵经》', '五品', '坎水', '浩瀚海', NULL, NULL, '坎水正位金丹功法。五品。筑基完整版可形成浩瀚海仙基。',
        '2026-05-02 14:00:54', '2026-05-02 14:00:54'),
       (10, 1, '《寒雪孤峰经》', '四品', '寒炁', '松上雪', NULL, NULL, '寒炁道统功法。四品。', '2026-05-02 14:00:54',
        '2026-05-02 14:00:54'),
       (11, 1, '《应石璃光经》', '四品', '真炁', '抱石眠·霞羽客·鹤挂衣·授长生', NULL, NULL,
        '真炁道统功法。四品。对应四大仙基。', '2026-05-02 14:00:54', '2026-05-02 14:00:54'),
       (12, 1, '《玄光赶山经》', '四品', '艮土', '愚赶山', NULL, NULL, '艮土正位功法。四品。', '2026-05-02 14:00:54',
        '2026-05-02 14:00:54'),
       (13, 1, '《在地瀚山经》', '四品', '归土/宣土', NULL, NULL, NULL, '归土/宣土相关功法。四品。', '2026-05-02 14:00:54',
        '2026-05-02 14:00:54'),
       (14, 1, '《月湖映秋诀》', NULL, '太阴', '湖月秋·夜光府·仪对影', NULL, '李江群',
        '太阴道统功法。湖月秋仙基的核心功法。', '2026-05-02 14:00:54', '2026-05-02 14:00:54'),
       (15, 1, '《萃心玄元功》', NULL, '上仪', '明心筵', NULL, NULL, '上仪道统功法。', '2026-05-02 14:00:54',
        '2026-05-02 14:00:54'),
       (16, 1, '《候殊金书》', '六品', '全丹', '候神殊', NULL, NULL, '全丹道统功法。六品极高品级。', '2026-05-02 14:00:54',
        '2026-05-02 14:00:54'),
       (17, 1, '《天司布序神卷》', '六品', '司天', '神布序', NULL, NULL, '司天道统功法。六品极高品级。',
        '2026-05-02 14:00:54', '2026-05-02 14:00:54'),
       (18, 1, '《白首扣庭经》', '四品', '玉真', '玉庭将', NULL, NULL, '玉真道统功法。四品。', '2026-05-02 14:00:54',
        '2026-05-02 14:00:54'),
       (19, 1, '《真玉合虚》', NULL, '玉真', NULL, NULL, NULL, '玉真道统金丹功法。', '2026-05-02 14:00:54',
        '2026-05-02 14:00:54'),
       (20, 1, '《群山望南经》', NULL, '正木', '背南行', NULL, NULL, '正木道统功法。', '2026-05-02 14:00:54',
        '2026-05-02 14:00:54'),
       (21, 1, '《藏土纳宫诀》', NULL, '异府同炉', '修炼土地庙', NULL, '杜青真君', '异府同炉道功法。修炼土地庙。',
        '2026-05-02 14:00:54', '2026-05-02 14:00:54'),
       (22, 1, '《南离服食法》', NULL, '服气养性道', NULL, NULL, '周巍', '服气养性道功法。', '2026-05-02 14:00:54',
        '2026-05-02 14:00:54'),
       (23, 1, '《太阴吐纳养轮经》', NULL, '太阴（服气养性）', NULL, NULL, '陆江仙', '主角家传功法，修炼太阴路径。',
        '2026-05-02 14:00:54', '2026-05-02 14:00:54'),
       (24, 1, '《淮水化神书》', NULL, '真炁', NULL, NULL, NULL, '真炁道统功法。', '2026-05-02 14:00:54',
        '2026-05-02 14:00:54'),
       (25, 1, '《天修齐紫经》', NULL, '紫炁', NULL, NULL, '紫霂·紫霈', '紫烟门紫炁功法。', '2026-05-02 14:00:54',
        '2026-05-02 14:00:54'),
       (26, 1, '《明华煌元经》', NULL, '明阳', '谒天门等', '谒天门·赤断镞·君蹈危·帝观元·天下明', '李乾元·李周巍',
        '明阳道统金丹功法，李家核心功法。战力强大，配合明阳的霸道特性，建立仙朝。', '2026-05-02 14:07:02',
        '2026-05-02 14:07:02'),
       (27, 1, '《万乘诛光帝书》', NULL, '明阳', NULL, NULL, NULL, '明阳道统金丹功法之一。', '2026-05-02 14:07:02',
        '2026-05-02 14:07:02'),
       (28, 1, '《身镇虎关宝经》', NULL, '明阳', NULL, NULL, NULL, '明阳道统金丹功法之一。', '2026-05-02 14:07:02',
        '2026-05-02 14:07:02'),
       (29, 1, '《君察昭心经》', NULL, '明阳', NULL, NULL, NULL, '明阳道统金丹功法之一。', '2026-05-02 14:07:02',
        '2026-05-02 14:07:02'),
       (30, 1, '《上府明谒经》', NULL, '明阳', NULL, NULL, NULL, '明阳道统金丹功法之一。', '2026-05-02 14:07:02',
        '2026-05-02 14:07:02'),
       (31, 1, '《天离日昃经》', '六品', '离火', '大离书·九重擭', '位从罗·折焚尽·顺平征', NULL,
        '离火正位金丹功法。六品，极高品级。', '2026-05-02 14:07:02', '2026-05-02 14:07:02'),
       (32, 1, '《重光火明经》', NULL, '离火', NULL, NULL, NULL, '离火道统功法。', '2026-05-02 14:07:02',
        '2026-05-02 14:07:02'),
       (33, 1, '《天须锃金经》', '五品', '庚金', '镂金石', NULL, NULL, '庚金道统专用功法。五品。', '2026-05-02 14:07:02',
        '2026-05-02 14:07:02'),
       (34, 1, '《江河大陵经》', '五品', '坎水', '浩瀚海', NULL, NULL,
        '坎水正位金丹功法。五品。筑基完整版可形成浩瀚海仙基。', '2026-05-02 14:07:02', '2026-05-02 14:07:02'),
       (35, 1, '《寒雪孤峰经》', '四品', '寒炁', '松上雪', NULL, NULL, '寒炁道统功法。四品。', '2026-05-02 14:07:02',
        '2026-05-02 14:07:02'),
       (36, 1, '《应石璃光经》', '四品', '真炁', '抱石眠·霞羽客·鹤挂衣·授长生', NULL, NULL,
        '真炁道统功法。四品。对应四大仙基。', '2026-05-02 14:07:02', '2026-05-02 14:07:02'),
       (37, 1, '《玄光赶山经》', '四品', '艮土', '愚赶山', NULL, NULL, '艮土正位功法。四品。', '2026-05-02 14:07:02',
        '2026-05-02 14:07:02'),
       (38, 1, '《在地瀚山经》', '四品', '归土/宣土', NULL, NULL, NULL, '归土/宣土相关功法。四品。', '2026-05-02 14:07:02',
        '2026-05-02 14:07:02'),
       (39, 1, '《月湖映秋诀》', NULL, '太阴', '湖月秋·夜光府·仪对影', NULL, '李江群',
        '太阴道统功法。湖月秋仙基的核心功法。', '2026-05-02 14:07:02', '2026-05-02 14:07:02'),
       (40, 1, '《天修齐紫经》', NULL, '紫炁', NULL, NULL, '太栩真君', '紫炁道统功法。', '2026-05-02 14:07:02',
        '2026-05-02 14:07:02'),
       (41, 1, '《萃心玄元功》', NULL, '上仪', '明心筵', NULL, NULL, '上仪道统功法。', '2026-05-02 14:07:02',
        '2026-05-02 14:07:02'),
       (42, 1, '《候殊金书》', '六品', '全丹', '候神殊', NULL, NULL, '全丹道统功法。六品极高品级。', '2026-05-02 14:07:02',
        '2026-05-02 14:07:02'),
       (43, 1, '《天司布序神卷》', '六品', '司天', '神布序', NULL, NULL, '司天道统功法。六品极高品级。',
        '2026-05-02 14:07:02', '2026-05-02 14:07:02'),
       (44, 1, '《白首扣庭经》', '四品', '玉真', '玉庭将', NULL, NULL, '玉真道统功法。四品。', '2026-05-02 14:07:02',
        '2026-05-02 14:07:02'),
       (45, 1, '《真玉合虚》', NULL, '玉真', NULL, NULL, NULL, '玉真道统金丹功法。', '2026-05-02 14:07:02',
        '2026-05-02 14:07:02'),
       (46, 1, '《群山望南经》', NULL, '正木', '背南行', NULL, NULL, '正木道统功法。', '2026-05-02 14:07:02',
        '2026-05-02 14:07:02'),
       (47, 1, '《藏土纳宫诀》', NULL, '异府同炉', '修炼土地庙', NULL, '杜青真君', '异府同炉道功法。修炼土地庙。',
        '2026-05-02 14:07:02', '2026-05-02 14:07:02'),
       (48, 1, '《南离服食法》', NULL, '服气养性道', NULL, NULL, '周巍', '服气养性道功法。', '2026-05-02 14:07:02',
        '2026-05-02 14:07:02'),
       (49, 1, '《太阴吐纳养轮经》', NULL, '太阴（服气养性）', NULL, NULL, '陆江仙', '主角家传功法，修炼太阴路径。',
        '2026-05-02 14:07:02', '2026-05-02 14:07:02'),
       (50, 1, '《淮水化神书》', NULL, '真炁', NULL, NULL, NULL, '真炁道统功法。', '2026-05-02 14:07:02',
        '2026-05-02 14:07:02'),
       (51, 1, '《天修齐紫经》', NULL, '紫炁', NULL, NULL, '紫霂·紫霈', '紫烟门紫炁功法。', '2026-05-02 14:07:02',
        '2026-05-02 14:07:02'),
       (52, 1, '《江河一气诀》', NULL, '坎水', NULL, NULL, '李渊蛟', '李渊蛟主修功法之一，配合太阴吐纳养轮经修炼。',
        '2026-05-02 19:02:45', '2026-05-02 19:02:45'),
       (53, 1, '《太阴吐纳养轮经》（完整版）', NULL, '太阴', NULL, NULL, '李渊蛟·陆江仙', '主角家传功法，后李渊蛟亦修此经。',
        '2026-05-02 19:02:45', '2026-05-02 19:02:45'),
       (54, 1, '《月阙剑典》', NULL, '太阴·剑修', NULL, NULL, '李尺泾·李玄岭',
        '李家剑道传承核心功法。李尺泾主修，李玄岭精研其中\"月阙剑弧\"。', '2026-05-02 19:24:01', '2026-05-02 19:24:01'),
       (55, 1, '《罡弦金弓》', NULL, '庚金', NULL, NULL, '李玄锋', '李玄锋主修功法。配合仙基镂金石·天金胄，箭术达到极致。',
        '2026-05-02 19:24:01', '2026-05-02 19:24:01'),
       (56, 1, '《紫雷秘元功》', NULL, '雷法', NULL, NULL, '李清虹', '李清虹主修雷法功法。凝练玄雷泊仙基，持有法器杜若枪。',
        '2026-05-02 19:24:01', '2026-05-02 19:24:01'),
       (57, 1, '《太阳应离术》', '五品', '明阳', NULL, NULL, '李周巍', '李周巍使用的五品术法。', '2026-05-02 19:24:01',
        '2026-05-02 19:24:01');
/*!40000 ALTER TABLE `technique` ENABLE KEYS */;
UNLOCK
TABLES;

--
-- Table structure for table `technique_character`
--

DROP TABLE IF EXISTS `technique_character`;
/*!40101 SET @saved_cs_client     = @@character_set_client */;
/*!50503 SET character_set_client = utf8mb4 */;
CREATE TABLE `technique_character`
(
    `id`           bigint NOT NULL AUTO_INCREMENT,
    `technique_id` bigint NOT NULL,
    `character_id` bigint NOT NULL,
    `created_at`   datetime DEFAULT CURRENT_TIMESTAMP,
    `updated_at`   datetime DEFAULT CURRENT_TIMESTAMP ON UPDATE CURRENT_TIMESTAMP,
    PRIMARY KEY (`id`),
    KEY            `idx_tech` (`technique_id`),
    KEY            `idx_char` (`character_id`)
) ENGINE=InnoDB AUTO_INCREMENT=24 DEFAULT CHARSET=utf8mb4 COLLATE=utf8mb4_0900_ai_ci COMMENT='功法×人物关联表';
/*!40101 SET character_set_client = @saved_cs_client */;

--
-- Dumping data for table `technique_character`
--

LOCK
TABLES `technique_character` WRITE;
/*!40000 ALTER TABLE `technique_character` DISABLE KEYS */;
INSERT INTO `technique_character`
VALUES (1, 26, 22, '2026-05-02 18:48:22', '2026-05-02 18:48:22'),
       (2, 1, 22, '2026-05-02 18:48:22', '2026-05-02 18:48:22'),
       (4, 26, 17, '2026-05-02 18:48:22', '2026-05-02 18:48:22'),
       (5, 1, 17, '2026-05-02 18:48:22', '2026-05-02 18:48:22'),
       (7, 39, 21, '2026-05-02 18:48:22', '2026-05-02 18:48:22'),
       (8, 14, 21, '2026-05-02 18:48:22', '2026-05-02 18:48:22'),
       (10, 49, 60, '2026-05-02 18:48:22', '2026-05-02 18:48:22'),
       (11, 23, 60, '2026-05-02 18:48:22', '2026-05-02 18:48:22'),
       (13, 47, 31, '2026-05-02 18:48:22', '2026-05-02 18:48:22'),
       (14, 21, 31, '2026-05-02 18:48:22', '2026-05-02 18:48:22'),
       (16, 51, 39, '2026-05-02 18:48:22', '2026-05-02 18:48:22'),
       (17, 40, 39, '2026-05-02 18:48:22', '2026-05-02 18:48:22'),
       (18, 25, 39, '2026-05-02 18:48:22', '2026-05-02 18:48:22'),
       (19, 51, 40, '2026-05-02 18:48:22', '2026-05-02 18:48:22'),
       (20, 40, 40, '2026-05-02 18:48:22', '2026-05-02 18:48:22'),
       (21, 25, 40, '2026-05-02 18:48:22', '2026-05-02 18:48:22'),
       (22, 34, 3, '2026-05-02 18:48:22', '2026-05-02 18:48:22'),
       (23, 9, 3, '2026-05-02 18:48:22', '2026-05-02 18:48:22');
/*!40000 ALTER TABLE `technique_character` ENABLE KEYS */;
UNLOCK
TABLES;
/*!40103 SET TIME_ZONE=@OLD_TIME_ZONE */;

/*!40101 SET SQL_MODE=@OLD_SQL_MODE */;
/*!40014 SET FOREIGN_KEY_CHECKS=@OLD_FOREIGN_KEY_CHECKS */;
/*!40014 SET UNIQUE_CHECKS=@OLD_UNIQUE_CHECKS */;
/*!40101 SET CHARACTER_SET_CLIENT=@OLD_CHARACTER_SET_CLIENT */;
/*!40101 SET CHARACTER_SET_RESULTS=@OLD_CHARACTER_SET_RESULTS */;
/*!40101 SET COLLATION_CONNECTION=@OLD_COLLATION_CONNECTION */;
/*!40111 SET SQL_NOTES=@OLD_SQL_NOTES */;

-- Dump completed on 2026-05-03 23:25:35
